id_detection,decision,trieur,horodatage
pisc_001682b595e6,non,JB,2026-07-16T17:39:06.755Z
pisc_001b8a8f3345,non,JB,2026-07-16T17:30:46.815Z
pisc_00495b9c471f,non,JB,2026-07-16T17:39:26.158Z
pisc_0050b6e84d71,non,JB,2026-07-16T17:36:43.735Z
pisc_00b83edab930,oui,JB,2026-07-16T17:39:55.162Z
pisc_00cdc78c8c29,oui,JB,2026-07-16T17:40:31.112Z
pisc_00e228a4d40b,non,JB,2026-07-16T17:35:29.847Z
pisc_00e31cbafe56,non,JB,2026-07-16T17:32:51.005Z
pisc_00f03f82d5e5,non,JB,2026-07-16T17:33:48.159Z
pisc_01669856687f,oui,JB,2026-07-16T17:40:56.979Z
pisc_0176a4b71352,non,JB,2026-07-16T17:37:00.633Z
pisc_0188cc2abce9,oui,JB,2026-07-16T17:39:07.263Z
pisc_027ea3e46058,oui,JB,2026-07-16T17:40:54.050Z
pisc_0282ae942adf,oui,JB,2026-07-16T17:39:17.237Z
pisc_033d62da0912,non,JB,2026-07-16T17:31:00.296Z
pisc_03ad9d39a4b2,non,JB,2026-07-16T17:37:20.082Z
pisc_03b4e69a4c13,non,JB,2026-07-16T17:40:11.765Z
pisc_03c171e087ed,non,JB,2026-07-16T17:39:40.230Z
pisc_0401bd5ca91b,oui,JB,2026-07-16T17:34:56.491Z
pisc_040c385dbc3e,non,JB,2026-07-16T17:38:37.499Z
pisc_045151c7053d,non,JB,2026-07-16T17:32:05.924Z
pisc_055d0d80ee7e,non,JB,2026-07-16T17:37:27.777Z
pisc_055e9eca05ff,non,JB,2026-07-16T17:40:01.622Z
pisc_05a3b339302d,oui,JB,2026-07-16T17:39:33.480Z
pisc_05a8670fb5c1,oui,JB,2026-07-16T17:37:59.582Z
pisc_05c4e5d81d31,non,JB,2026-07-16T17:32:23.559Z
pisc_05dbcaee1095,non,JB,2026-07-16T17:35:04.206Z
pisc_0603d6adbbd9,oui,JB,2026-07-16T17:40:31.357Z
pisc_068799181a86,non,JB,2026-07-16T17:37:15.868Z
pisc_06adf90a36a4,non,JB,2026-07-16T17:33:06.824Z
pisc_06befa30ca8d,non,JB,2026-07-16T17:33:05.139Z
pisc_06dc5774f198,oui,JB,2026-07-16T17:40:38.461Z
pisc_0706818402e2,non,JB,2026-07-16T17:32:31.284Z
pisc_074871cd7639,oui,JB,2026-07-16T17:33:36.274Z
pisc_076cee5e0b12,non,JB,2026-07-16T17:35:05.977Z
pisc_07a5ebbccdb0,non,JB,2026-07-16T17:31:54.217Z
pisc_080136a7f107,oui,JB,2026-07-16T17:40:12.198Z
pisc_080bb5903246,non,JB,2026-07-16T17:34:05.431Z
pisc_086e1546ce0d,non,JB,2026-07-16T17:33:25.037Z
pisc_088583c8d7f0,non,JB,2026-07-16T17:36:15.002Z
pisc_08ca5c45d3a9,oui,JB,2026-07-16T17:40:45.875Z
pisc_093b6abc3c92,non,JB,2026-07-16T17:34:03.683Z
pisc_0947f3c14188,non,JB,2026-07-16T17:39:31.501Z
pisc_096db46d492d,non,JB,2026-07-16T17:33:31.925Z
pisc_0a1528c0be5e,oui,JB,2026-07-16T17:40:46.647Z
pisc_0a328d597c13,non,JB,2026-07-16T17:31:50.686Z
pisc_0a68a454b53b,non,JB,2026-07-16T17:30:59.427Z
pisc_0ab6f08d3c3e,non,JB,2026-07-16T17:32:37.539Z
pisc_0b04cd5b5193,oui,JB,2026-07-16T17:40:22.732Z
pisc_0b0c01468d90,oui,JB,2026-07-16T17:40:42.063Z
pisc_0b16eea10274,non,JB,2026-07-16T17:31:10.284Z
pisc_0ba45ea36fea,non,JB,2026-07-16T17:30:55.125Z
pisc_0bb1998138ca,oui,JB,2026-07-16T17:40:20.239Z
pisc_0c33d83f29b1,non,JB,2026-07-16T17:32:29.501Z
pisc_0c6323f795e4,non,JB,2026-07-16T17:31:51.458Z
pisc_0c6ffed0ade7,oui,JB,2026-07-16T17:34:45.468Z
pisc_0cc21c510205,oui,JB,2026-07-16T17:31:25.384Z
pisc_0ce4172945c3,non,JB,2026-07-16T17:38:40.943Z
pisc_0d4a12767643,non,JB,2026-07-16T17:37:19.220Z
pisc_0de2ea3c3b2f,non,JB,2026-07-16T17:40:58.202Z
pisc_0e0d8462c149,non,JB,2026-07-16T17:36:01.452Z
pisc_0e7113a5459e,oui,JB,2026-07-16T17:40:58.577Z
pisc_0ef58a570b9b,non,JB,2026-07-16T17:36:32.059Z
pisc_0f07eee0161a,non,JB,2026-07-16T17:33:25.441Z
pisc_0f4763cea3fe,oui,JB,2026-07-16T17:35:24.518Z
pisc_0f65442c01a2,non,JB,2026-07-16T17:32:40.358Z
pisc_0f6ccdcafc72,non,JB,2026-07-16T17:33:39.529Z
pisc_108e9537cee1,oui,JB,2026-07-16T17:40:32.668Z
pisc_11021943be2f,non,JB,2026-07-16T17:31:42.685Z
pisc_111f87ea2436,oui,JB,2026-07-16T17:40:07.339Z
pisc_117730a877d4,non,JB,2026-07-16T17:31:44.472Z
pisc_1188cf5b56a0,oui,JB,2026-07-16T17:40:29.831Z
pisc_1189c67d7c70,non,JB,2026-07-16T17:39:08.447Z
pisc_11963f3a6234,oui,JB,2026-07-16T17:35:41.744Z
pisc_11b28bd11aba,non,JB,2026-07-16T17:33:12.039Z
pisc_120f572410d5,oui,JB,2026-07-16T17:40:17.861Z
pisc_122a24f30ce5,non,JB,2026-07-16T17:32:06.790Z
pisc_12b36835a6e5,oui,JB,2026-07-16T17:40:41.497Z
pisc_12b683953213,oui,JB,2026-07-16T17:40:24.498Z
pisc_12d59df74444,non,JB,2026-07-16T17:35:15.677Z
pisc_12d9454c9c97,non,JB,2026-07-16T17:34:49.198Z
pisc_13289734b53d,non,JB,2026-07-16T17:31:13.651Z
pisc_13720776f6e1,oui,JB,2026-07-16T17:40:57.510Z
pisc_139d89aca353,non,JB,2026-07-16T17:35:18.302Z
pisc_13a258398207,non,JB,2026-07-16T17:35:21.895Z
pisc_1462286d41f4,non,JB,2026-07-16T17:39:25.324Z
pisc_149503742b37,oui,JB,2026-07-16T17:37:26.382Z
pisc_14b32702d76b,non,JB,2026-07-16T17:32:04.175Z
pisc_150744fb9cbc,non,JB,2026-07-16T17:31:51.868Z
pisc_155fe5b161ea,non,JB,2026-07-16T17:37:54.153Z
pisc_1589dc299333,non,JB,2026-07-16T17:36:27.090Z
pisc_15b721e7b0cc,non,JB,2026-07-16T17:39:22.949Z
pisc_15bcddeaeb1a,non,JB,2026-07-16T17:32:42.988Z
pisc_15bf6efe9820,non,JB,2026-07-16T17:39:37.741Z
pisc_1605276b84c7,non,JB,2026-07-16T17:34:59.237Z
pisc_1668b3213220,non,JB,2026-07-16T17:36:34.299Z
pisc_167597910f30,non,JB,2026-07-16T17:31:19.853Z
pisc_1692ca358d36,non,JB,2026-07-16T17:34:51.999Z
pisc_16fbf9e34c4c,non,JB,2026-07-16T17:33:37.188Z
pisc_17605baf1c20,non,JB,2026-07-16T17:36:37.648Z
pisc_1795b00820f1,non,JB,2026-07-16T17:33:00.239Z
pisc_17b199e5287c,non,JB,2026-07-16T17:37:57.387Z
pisc_1879289b5a8a,oui,JB,2026-07-16T17:40:49.809Z
pisc_187d3e46602c,non,JB,2026-07-16T17:33:41.767Z
pisc_18ac6c630629,oui,JB,2026-07-16T17:40:59.626Z
pisc_18e2b36d32ca,non,JB,2026-07-16T17:31:45.761Z
pisc_18eff31ab9a8,non,JB,2026-07-16T17:36:20.540Z
pisc_19685dcfd936,non,JB,2026-07-16T17:36:23.673Z
pisc_19b4c13ed45a,oui,JB,2026-07-16T17:38:35.378Z
pisc_19bf300250fb,non,JB,2026-07-16T17:31:13.179Z
pisc_19cf3ea8fdf6,non,JB,2026-07-16T17:36:38.875Z
pisc_1a078f7485ee,oui,JB,2026-07-16T17:34:55.236Z
pisc_1a37b8a3d764,non,JB,2026-07-16T17:37:02.317Z
pisc_1a4a5cf18886,non,JB,2026-07-16T17:33:49.676Z
pisc_1a6369f11ab3,non,JB,2026-07-16T17:31:00.683Z
pisc_1a636f198ede,non,JB,2026-07-16T17:36:54.870Z
pisc_1abc17a08ff5,non,JB,2026-07-16T17:35:49.551Z
pisc_1ae7576ac9cf,oui,JB,2026-07-16T17:40:46.064Z
pisc_1b18f2b17cd9,oui,JB,2026-07-16T17:37:58.678Z
pisc_1b2159f33dcf,non,JB,2026-07-16T17:33:07.168Z
pisc_1bbb97ee8ef5,oui,JB,2026-07-16T17:36:52.858Z
pisc_1bc0c905a51f,non,JB,2026-07-16T17:37:07.601Z
pisc_1c48a1eef76b,oui,JB,2026-07-16T17:31:19.116Z
pisc_1c71fb3efe41,non,JB,2026-07-16T17:39:02.264Z
pisc_1de3eaf2aea0,non,JB,2026-07-16T17:38:49.574Z
pisc_1de68fa31736,non,JB,2026-07-16T17:34:49.636Z
pisc_1e0785ea5090,non,JB,2026-07-16T17:32:23.132Z
pisc_1e57032e489d,non,JB,2026-07-16T17:33:55.630Z
pisc_1ea7764af69a,non,JB,2026-07-16T17:35:45.487Z
pisc_1eacdfde2dfe,non,JB,2026-07-16T17:35:36.177Z
pisc_1f2a728f8aa4,non,JB,2026-07-16T17:31:34.809Z
pisc_1f3aeda4d45f,non,JB,2026-07-16T17:33:48.838Z
pisc_1f5aba962cb3,oui,JB,2026-07-16T17:40:33.662Z
pisc_1fa5dafaaf95,non,JB,2026-07-16T17:37:47.672Z
pisc_1fc1a2638de7,non,JB,2026-07-16T17:32:33.073Z
pisc_1fe067d21a6c,oui,JB,2026-07-16T17:40:23.514Z
pisc_207a0881698d,non,JB,2026-07-16T17:33:45.914Z
pisc_20bb215d6b6b,non,JB,2026-07-16T17:31:32.336Z
pisc_20bc2a524e0a,oui,JB,2026-07-16T17:39:38.151Z
pisc_20ddca87d39a,non,JB,2026-07-16T17:33:00.804Z
pisc_2105bc6abc38,non,JB,2026-07-16T17:34:09.770Z
pisc_21bb8a304050,non,JB,2026-07-16T17:31:14.249Z
pisc_21d28ad08bfd,non,JB,2026-07-16T17:31:09.631Z
pisc_2205d858e8b6,non,JB,2026-07-16T17:37:06.898Z
pisc_2253c6ed86fe,non,JB,2026-07-16T17:31:08.512Z
pisc_2269aa330595,oui,JB,2026-07-16T17:41:00.487Z
pisc_22b912dcbc8c,non,JB,2026-07-16T17:35:05.335Z
pisc_22ebfc7a1b59,non,JB,2026-07-16T17:31:06.376Z
pisc_231b96319e67,non,JB,2026-07-16T17:37:40.385Z
pisc_231be304fe59,non,JB,2026-07-16T17:35:17.076Z
pisc_232dc3103457,non,JB,2026-07-16T17:32:14.411Z
pisc_234014be36b1,non,JB,2026-07-16T17:31:03.566Z
pisc_2352eff9b934,oui,JB,2026-07-16T17:40:48.787Z
pisc_2380dd6dcc68,non,JB,2026-07-16T17:35:50.964Z
pisc_23fd12fad034,non,JB,2026-07-16T17:33:40.012Z
pisc_246039fde1a4,non,JB,2026-07-16T17:39:17.808Z
pisc_246f2262d281,non,JB,2026-07-16T17:37:05.759Z
pisc_247cc37d3c9a,non,JB,2026-07-16T17:38:36.641Z
pisc_247d2ba19d54,oui,JB,2026-07-16T17:38:08.875Z
pisc_24c2466ae073,non,JB,2026-07-16T17:33:49.158Z
pisc_24e33498f093,oui,JB,2026-07-16T17:40:47.355Z
pisc_25131737d218,non,JB,2026-07-16T17:33:08.862Z
pisc_255cad3e54f9,oui,JB,2026-07-16T17:36:12.471Z
pisc_2568cd1e0f87,non,JB,2026-07-16T17:36:59.639Z
pisc_256e1915f89e,non,JB,2026-07-16T17:35:14.510Z
pisc_2582e62188c9,non,JB,2026-07-16T17:37:20.865Z
pisc_262f9560f0da,oui,JB,2026-07-16T17:40:40.035Z
pisc_2657327fbc5e,non,JB,2026-07-16T17:37:20.389Z
pisc_26b2be4e1746,non,JB,2026-07-16T17:31:03.881Z
pisc_26bc01e5ee6b,non,JB,2026-07-16T17:31:09.344Z
pisc_27f439a5c503,non,JB,2026-07-16T17:33:11.169Z
pisc_284dcb0f4afd,non,JB,2026-07-16T17:37:53.131Z
pisc_287aeb126929,oui,JB,2026-07-16T17:37:55.904Z
pisc_287cd1c3c0fb,oui,JB,2026-07-16T17:39:52.650Z
pisc_288377439310,non,JB,2026-07-16T17:35:30.580Z
pisc_28a663825258,oui,JB,2026-07-16T17:40:30.446Z
pisc_28cc24c43a7d,non,JB,2026-07-16T17:38:32.760Z
pisc_28f327b3094a,non,JB,2026-07-16T17:35:59.112Z
pisc_29dd20ad7647,non,JB,2026-07-16T17:38:28.892Z
pisc_29ffc53e18be,non,JB,2026-07-16T17:37:17.841Z
pisc_2a2f3a168450,oui,JB,2026-07-16T17:40:32.854Z
pisc_2a32f65e91a6,non,JB,2026-07-16T17:32:17.204Z
pisc_2aea73c38d5a,non,JB,2026-07-16T17:36:46.850Z
pisc_2b1c0aeea420,non,JB,2026-07-16T17:35:11.256Z
pisc_2b2ff9a591da,non,JB,2026-07-16T17:33:12.509Z
pisc_2b5548ada4f6,oui,JB,2026-07-16T17:35:10.018Z
pisc_2b9f3058dc06,oui,JB,2026-07-16T17:40:36.896Z
pisc_2ba61c8992df,oui,JB,2026-07-16T17:39:50.084Z
pisc_2c1f0593402d,non,JB,2026-07-16T17:34:43.110Z
pisc_2c3cb7e6947d,non,JB,2026-07-16T17:37:45.703Z
pisc_2c5cdac13eba,non,JB,2026-07-16T17:35:02.191Z
pisc_2cfd7002f24f,oui,JB,2026-07-16T17:39:00.068Z
pisc_2cfd7d750712,non,JB,2026-07-16T17:33:53.873Z
pisc_2d00b5d5683a,non,JB,2026-07-16T17:31:01.654Z
pisc_2d645a7f0023,non,JB,2026-07-16T17:31:37.798Z
pisc_2d7a7479e7aa,non,JB,2026-07-16T17:33:40.925Z
pisc_2dc198d0d81c,oui,JB,2026-07-16T17:40:04.101Z
pisc_2dc89667c50e,non,JB,2026-07-16T17:32:45.211Z
pisc_2dfd76ff8b19,non,JB,2026-07-16T17:35:03.236Z
pisc_2e7178a2a287,non,JB,2026-07-16T17:31:53.020Z
pisc_2e7c1cc7b7ff,non,JB,2026-07-16T17:31:39.575Z
pisc_2ebeffdb2659,oui,JB,2026-07-16T17:39:54.109Z
pisc_2f1cb7380c4a,non,JB,2026-07-16T17:32:50.180Z
pisc_2f1d8e902987,non,JB,2026-07-16T17:32:46.166Z
pisc_2f52e1d5aa07,non,JB,2026-07-16T17:31:20.395Z
pisc_2f62d493c17c,non,JB,2026-07-16T17:34:02.339Z
pisc_2f741f0bc69a,non,JB,2026-07-16T17:36:07.264Z
pisc_3010036e470e,non,JB,2026-07-16T17:33:22.354Z
pisc_301b6a11f426,non,JB,2026-07-16T17:38:37.119Z
pisc_302acd76078a,oui,JB,2026-07-16T17:40:42.250Z
pisc_306031401f37,non,JB,2026-07-16T17:32:53.708Z
pisc_307a2d968fea,non,JB,2026-07-16T17:36:48.890Z
pisc_30ea67de27e7,non,JB,2026-07-16T17:33:07.720Z
pisc_31058d6e1d73,non,JB,2026-07-16T17:38:48.824Z
pisc_310eaca96a23,non,JB,2026-07-16T17:36:26.270Z
pisc_3132381594df,non,JB,2026-07-16T17:39:14.356Z
pisc_317c90b5439e,oui,JB,2026-07-16T17:40:45.216Z
pisc_31e2159f42b8,non,JB,2026-07-16T17:36:14.279Z
pisc_31ef78536a24,oui,JB,2026-07-16T17:37:29.490Z
pisc_3223320cd49a,non,JB,2026-07-16T17:31:30.120Z
pisc_32455e9361b6,non,JB,2026-07-16T17:33:19.637Z
pisc_3283772b5f0c,non,JB,2026-07-16T17:32:21.433Z
pisc_3361fb1a5835,non,JB,2026-07-16T17:31:11.903Z
pisc_3430ccfa528a,non,JB,2026-07-16T17:37:39.417Z
pisc_344b6f1e1b01,non,JB,2026-07-16T17:33:35.215Z
pisc_34ba58009c83,non,JB,2026-07-16T17:37:27.053Z
pisc_35046c43b49c,oui,JB,2026-07-16T17:40:40.726Z
pisc_35057c14039d,non,JB,2026-07-16T17:31:35.208Z
pisc_354dc4d2f8f5,oui,JB,2026-07-16T17:39:28.885Z
pisc_35e1396e7ce0,oui,JB,2026-07-16T17:37:55.362Z
pisc_3638470e2f04,non,JB,2026-07-16T17:37:30.709Z
pisc_36dec82c7a7d,non,JB,2026-07-16T17:38:41.611Z
pisc_37552fda7474,non,JB,2026-07-16T17:35:17.696Z
pisc_375cbfb99a00,oui,JB,2026-07-16T17:38:54.112Z
pisc_37c684da0130,non,JB,2026-07-16T17:38:11.749Z
pisc_3840615e6c34,non,JB,2026-07-16T17:31:36.851Z
pisc_386b96aaa6e4,non,JB,2026-07-16T17:31:37.391Z
pisc_387da7c79f4b,oui,JB,2026-07-16T17:40:50.629Z
pisc_38c4217bc2ac,non,JB,2026-07-16T17:31:28.911Z
pisc_38dc27f1a40b,non,JB,2026-07-16T17:36:32.459Z
pisc_38ec7cec31ac,non,JB,2026-07-16T17:31:14.653Z
pisc_3921243368f6,non,JB,2026-07-16T17:37:03.675Z
pisc_398417852425,non,JB,2026-07-16T17:39:04.680Z
pisc_3994a1535aab,non,JB,2026-07-16T17:33:28.165Z
pisc_39c905a5b5b7,non,JB,2026-07-16T17:32:53.226Z
pisc_3a760560a68d,non,JB,2026-07-16T17:30:56.574Z
pisc_3a85ed73da4c,non,JB,2026-07-16T17:31:16.428Z
pisc_3bee871866ab,non,JB,2026-07-16T17:37:49.275Z
pisc_3bfa0d268abf,oui,JB,2026-07-16T17:39:30.810Z
pisc_3d1fcd34eb23,non,JB,2026-07-16T17:35:14.294Z
pisc_3d5ea2534f31,oui,JB,2026-07-16T17:40:54.442Z
pisc_3d97dcaa7eee,oui,JB,2026-07-16T17:39:21.691Z
pisc_3dc9a7efdee0,oui,JB,2026-07-16T17:40:12.837Z
pisc_3e327dbb4ca7,non,JB,2026-07-16T17:36:39.668Z
pisc_3e8137bed44d,non,JB,2026-07-16T17:35:58.831Z
pisc_3f7ff0a4e5dc,non,JB,2026-07-16T17:36:03.715Z
pisc_40374a6b8d2c,oui,JB,2026-07-16T17:40:37.492Z
pisc_403ff2fee59d,non,JB,2026-07-16T17:33:30.888Z
pisc_4059d0f5f27e,non,JB,2026-07-16T17:33:38.477Z
pisc_40b09754453d,non,JB,2026-07-16T17:30:54.863Z
pisc_40d545de278f,non,JB,2026-07-16T17:36:06.891Z
pisc_4126769f8412,oui,JB,2026-07-16T17:37:52.549Z
pisc_41567143b8ab,non,JB,2026-07-16T17:35:43.507Z
pisc_41772f76cc80,oui,JB,2026-07-16T17:40:30.016Z
pisc_42347081b649,non,JB,2026-07-16T17:38:00.090Z
pisc_427327ac032f,non,JB,2026-07-16T17:37:09.628Z
pisc_42a932bff6bc,non,JB,2026-07-16T17:37:00.413Z
pisc_432bbf3d78e0,oui,JB,2026-07-16T17:40:33.469Z
pisc_434a449e06b0,non,JB,2026-07-16T17:31:34.423Z
pisc_4384c7c90768,non,JB,2026-07-16T17:33:29.045Z
pisc_442d0e09a36e,non,JB,2026-07-16T17:34:54.139Z
pisc_449f838cbead,non,JB,2026-07-16T17:35:32.236Z
pisc_44b8ce8a04b9,non,JB,2026-07-16T17:37:48.253Z
pisc_44da3d1eed12,oui,JB,2026-07-16T17:39:03.062Z
pisc_4565c083835a,non,JB,2026-07-16T17:32:54.526Z
pisc_467b4ffea2f8,oui,JB,2026-07-16T17:40:29.371Z
pisc_46d682299efc,non,JB,2026-07-16T17:32:59.210Z
pisc_4719b77d029c,non,JB,2026-07-16T17:36:45.800Z
pisc_47508af4ad07,oui,JB,2026-07-16T17:39:55.942Z
pisc_4776d973b326,non,JB,2026-07-16T17:34:52.879Z
pisc_47a2e0d55688,oui,JB,2026-07-16T17:40:09.831Z
pisc_47ddee480ee4,oui,JB,2026-07-16T17:32:41.586Z
pisc_47f7866722e8,oui,JB,2026-07-16T17:37:01.507Z
pisc_480584b04323,non,JB,2026-07-16T17:35:33.266Z
pisc_4904a6240521,oui,JB,2026-07-16T17:39:42.911Z
pisc_49131b3dfde2,non,JB,2026-07-16T17:35:06.906Z
pisc_4956384a75fd,non,JB,2026-07-16T17:33:26.635Z
pisc_497da66fba95,non,JB,2026-07-16T17:39:09.693Z
pisc_49a6c87a0d97,oui,JB,2026-07-16T17:38:33.576Z
pisc_49d74de837bb,non,JB,2026-07-16T17:38:25.705Z
pisc_49de0219c47c,non,JB,2026-07-16T17:35:29.123Z
pisc_49f39c799ec8,non,JB,2026-07-16T17:37:46.407Z
pisc_4a24a47ba37d,non,JB,2026-07-16T17:35:51.741Z
pisc_4a6537c8a8a3,non,JB,2026-07-16T17:33:47.021Z
pisc_4ba1f1c6f995,non,JB,2026-07-16T17:37:56.813Z
pisc_4bc964963fba,non,JB,2026-07-16T17:32:42.047Z
pisc_4c3767b66f90,non,JB,2026-07-16T17:35:18.760Z
pisc_4cf07f209b4f,non,JB,2026-07-16T17:33:51.279Z
pisc_4d149ee932c7,non,JB,2026-07-16T17:30:53.771Z
pisc_4d2cc5d27664,oui,JB,2026-07-16T17:35:25.772Z
pisc_4d391457d20f,oui,JB,2026-07-16T17:40:42.961Z
pisc_4d55d5084557,non,JB,2026-07-16T17:33:01.674Z
pisc_4d7bfbb733d1,oui,JB,2026-07-16T17:40:52.717Z
pisc_4d91e6eb9bc8,non,JB,2026-07-16T17:31:51.088Z
pisc_4df228efda2d,non,JB,2026-07-16T17:31:33.475Z
pisc_4df9b4c4b2e9,non,JB,2026-07-16T17:35:34.079Z
pisc_4e00df258fea,non,JB,2026-07-16T17:31:42.270Z
pisc_4e10ae22b44b,non,JB,2026-07-16T17:31:45.291Z
pisc_4f28ac827872,non,JB,2026-07-16T17:38:26.173Z
pisc_4fddaec12239,non,JB,2026-07-16T17:40:14.216Z
pisc_4fe8fe69f17e,non,JB,2026-07-16T17:35:53.770Z
pisc_50018e765679,non,JB,2026-07-16T17:36:05.325Z
pisc_5024576d0401,non,JB,2026-07-16T17:34:04.158Z
pisc_5072ad88931f,non,JB,2026-07-16T17:31:43.605Z
pisc_50a7b8ddf267,non,JB,2026-07-16T17:36:37.956Z
pisc_50e9c2b093a0,oui,JB,2026-07-16T17:40:25.560Z
pisc_50ec87590b3f,non,JB,2026-07-16T17:36:24.037Z
pisc_50f9b1c24904,oui,JB,2026-07-16T17:40:25.324Z
pisc_5143998a71c0,non,JB,2026-07-16T17:32:26.957Z
pisc_517fd14d34df,non,JB,2026-07-16T17:38:30.260Z
pisc_51a973fd7bb3,non,JB,2026-07-16T17:36:04.072Z
pisc_52192689d3cb,oui,JB,2026-07-16T17:40:07.097Z
pisc_5231b9dad388,non,JB,2026-07-16T17:36:56.462Z
pisc_52bf38cc0161,oui,JB,2026-07-16T17:40:23.795Z
pisc_52ced15dcc6a,non,JB,2026-07-16T17:39:38.855Z
pisc_52e0e5fffa43,non,JB,2026-07-16T17:36:28.770Z
pisc_53008d518e61,non,JB,2026-07-16T17:31:47.089Z
pisc_5356b4cb2280,non,JB,2026-07-16T17:38:05.142Z
pisc_5362d49d92d9,non,JB,2026-07-16T17:35:42.908Z
pisc_53e838267a9c,non,JB,2026-07-16T17:35:35.703Z
pisc_53ff807439d8,non,JB,2026-07-16T17:33:41.321Z
pisc_5476f85b1a8d,oui,JB,2026-07-16T17:40:39.110Z
pisc_552a430a691b,non,JB,2026-07-16T17:39:06.158Z
pisc_553a08264ff9,non,JB,2026-07-16T17:33:09.763Z
pisc_5556e87bf9bf,oui,JB,2026-07-16T17:40:48.604Z
pisc_5593772d6bfa,non,JB,2026-07-16T17:30:52.992Z
pisc_55b010ad8d7e,non,JB,2026-07-16T17:37:29.876Z
pisc_55e37348a6bb,oui,JB,2026-07-16T17:39:07.990Z
pisc_55f1527e26c2,non,JB,2026-07-16T17:38:30.934Z
pisc_55fbc5d45086,non,JB,2026-07-16T17:32:57.480Z
pisc_564c9779f30d,oui,JB,2026-07-16T17:33:33.421Z
pisc_566518ef965f,non,JB,2026-07-16T17:32:44.788Z
pisc_56dcf4a796c2,oui,JB,2026-07-16T17:40:21.765Z
pisc_56f943b61e7b,non,JB,2026-07-16T17:32:18.480Z
pisc_57031620b20e,non,JB,2026-07-16T17:35:01.915Z
pisc_5726539c5d2c,oui,JB,2026-07-16T17:39:09.285Z
pisc_578c24e2a287,non,JB,2026-07-16T17:33:38.047Z
pisc_57a67d7547be,non,JB,2026-07-16T17:35:28.536Z
pisc_57dd67ef6f9d,non,JB,2026-07-16T17:31:31.812Z
pisc_57faddc1216c,oui,JB,2026-07-16T17:39:46.511Z
pisc_5806bfbf52cf,non,JB,2026-07-16T17:36:36.732Z
pisc_580a2d20a614,oui,JB,2026-07-16T17:38:55.170Z
pisc_580f1ad8e0c9,oui,JB,2026-07-16T17:40:47.947Z
pisc_58a95bf9bc6d,non,JB,2026-07-16T17:38:52.901Z
pisc_58cf9ba3809a,non,JB,2026-07-16T17:33:39.062Z
pisc_58cfe5e4e4d2,non,JB,2026-07-16T17:35:54.140Z
pisc_59134d5e4ad3,non,JB,2026-07-16T17:37:14.943Z
pisc_59243eaf777d,non,JB,2026-07-16T17:35:30.193Z
pisc_593e18816c39,non,JB,2026-07-16T17:35:37.747Z
pisc_59ac90aba907,non,JB,2026-07-16T17:35:22.320Z
pisc_59eb92a71131,non,JB,2026-07-16T17:35:35.457Z
pisc_5a84dadad522,non,JB,2026-07-16T17:37:49.590Z
pisc_5aa2a6ceeadf,non,JB,2026-07-16T17:36:46.053Z
pisc_5abcb9626fcb,non,JB,2026-07-16T17:39:31.873Z
pisc_5b57c10508a9,non,JB,2026-07-16T17:31:29.244Z
pisc_5ba72751dc92,oui,JB,2026-07-16T17:40:21.468Z
pisc_5c40fba89e79,non,JB,2026-07-16T17:32:46.608Z
pisc_5c79431182ee,non,JB,2026-07-16T17:38:23.338Z
pisc_5cf284efe9b7,non,JB,2026-07-16T17:34:04.566Z
pisc_5d01bfac0072,oui,JB,2026-07-16T17:35:48.434Z
pisc_5dca9210c558,non,JB,2026-07-16T17:31:29.809Z
pisc_5e194de18357,oui,JB,2026-07-16T17:38:44.651Z
pisc_5eb0ba040984,non,JB,2026-07-16T17:32:47.076Z
pisc_5f896e841c26,non,JB,2026-07-16T17:36:27.944Z
pisc_5fa7e9d62aaf,oui,JB,2026-07-16T17:39:43.212Z
pisc_5fab3e29bc76,oui,JB,2026-07-16T17:33:17.605Z
pisc_5fbc03eaa560,non,JB,2026-07-16T17:35:06.189Z
pisc_603c733734c3,non,JB,2026-07-16T17:31:40.822Z
pisc_6049838728b4,non,JB,2026-07-16T17:31:31.328Z
pisc_605b8474d7e8,oui,JB,2026-07-16T17:40:26.149Z
pisc_607025d4dbcb,non,JB,2026-07-16T17:31:53.393Z
pisc_60c50c131163,oui,JB,2026-07-16T17:40:56.787Z
pisc_60ed558fc219,oui,JB,2026-07-16T17:39:52.894Z
pisc_610af2be4fc1,non,JB,2026-07-16T17:37:04.842Z
pisc_61249f4718e5,non,JB,2026-07-16T17:33:11.672Z
pisc_617069a63a07,non,JB,2026-07-16T17:30:48.909Z
pisc_61a94dee6fc2,non,JB,2026-07-16T17:32:54.874Z
pisc_61fc3fdf4a07,non,JB,2026-07-16T17:33:56.830Z
pisc_61fffc2d2f55,non,JB,2026-07-16T17:35:03.980Z
pisc_6222438a03a9,non,JB,2026-07-16T17:33:15.560Z
pisc_622add51b4e9,non,JB,2026-07-16T17:30:49.997Z
pisc_628755d20586,non,JB,2026-07-16T17:37:31.221Z
pisc_6288598d0b69,non,JB,2026-07-16T17:37:58.195Z
pisc_6296f31d069d,non,JB,2026-07-16T17:37:36.153Z
pisc_62d30e35cff0,oui,JB,2026-07-16T17:40:39.306Z
pisc_62e59b4094e9,non,JB,2026-07-16T17:33:51.799Z
pisc_6307fe6b47bb,non,JB,2026-07-16T17:34:51.570Z
pisc_63f2423dd7b5,non,JB,2026-07-16T17:32:28.252Z
pisc_6421350510e1,oui,JB,2026-07-16T17:39:51.300Z
pisc_6492b0f3434f,non,JB,2026-07-16T17:35:34.310Z
pisc_64e9985fb799,oui,JB,2026-07-16T17:40:09.255Z
pisc_65046fca211a,oui,JB,2026-07-16T17:39:54.905Z
pisc_654127ed2a55,non,JB,2026-07-16T17:38:03.597Z
pisc_654520bf7ef8,non,JB,2026-07-16T17:35:12.008Z
pisc_656399d343f1,non,JB,2026-07-16T17:38:34.917Z
pisc_666edae39ee6,non,JB,2026-07-16T17:38:04.464Z
pisc_6679901db7d8,non,JB,2026-07-16T17:36:15.419Z
pisc_66c56215cbec,non,JB,2026-07-16T17:32:51.479Z
pisc_66c9ee99097b,oui,JB,2026-07-16T17:39:24.950Z
pisc_671f50d59892,oui,JB,2026-07-16T17:40:49.980Z
pisc_678b9d4bd2e4,non,JB,2026-07-16T17:33:45.000Z
pisc_679e36e93d31,non,JB,2026-07-16T17:29:14.110Z
pisc_67b984778373,non,JB,2026-07-16T17:35:13.245Z
pisc_688c4ace6f9a,non,JB,2026-07-16T17:31:44.058Z
pisc_68c05a619dc6,oui,JB,2026-07-16T17:40:51.892Z
pisc_68cd4bb9f2bc,non,JB,2026-07-16T17:37:47.337Z
pisc_68f61616a334,non,JB,2026-07-16T17:33:40.404Z
pisc_697e6f0a310f,oui,JB,2026-07-16T17:40:35.075Z
pisc_69b805201ec4,non,JB,2026-07-16T17:33:55.160Z
pisc_69ff845c8ada,oui,JB,2026-07-16T17:37:43.597Z
pisc_6a01c1821968,non,JB,2026-07-16T17:34:03.179Z
pisc_6a2701f7f2c5,oui,JB,2026-07-16T17:38:14.409Z
pisc_6c375342ace3,oui,JB,2026-07-16T17:40:16.776Z
pisc_6c483d8f582e,non,JB,2026-07-16T17:35:34.760Z
pisc_6c9b98018b53,non,JB,2026-07-16T17:37:03.251Z
pisc_6cddd5846e48,oui,JB,2026-07-16T17:31:05.403Z
pisc_6cebc9831ec2,oui,JB,2026-07-16T17:40:56.293Z
pisc_6d1bad918c93,non,JB,2026-07-16T17:37:28.203Z
pisc_6d8ee4b15116,non,JB,2026-07-16T17:34:46.781Z
pisc_6d9e566fc261,non,JB,2026-07-16T17:39:46.150Z
pisc_6e3e92924904,non,JB,2026-07-16T17:38:24.907Z
pisc_6e6971008234,non,JB,2026-07-16T17:33:05.940Z
pisc_6ea04db1e0dd,non,JB,2026-07-16T17:39:40.813Z
pisc_6ead75435260,non,JB,2026-07-16T17:38:23.825Z
pisc_6f3adda0da33,non,JB,2026-07-16T17:36:55.332Z
pisc_6f4a1d3e0154,oui,JB,2026-07-16T17:37:24.431Z
pisc_6f4aed042766,non,JB,2026-07-16T17:39:04.328Z
pisc_7094050b42a5,non,JB,2026-07-16T17:35:15.436Z
pisc_709aee4c54e3,non,JB,2026-07-16T17:39:11.298Z
pisc_70b1bb9070d3,oui,JB,2026-07-16T17:40:05.417Z
pisc_70ccdfb9c6f9,non,JB,2026-07-16T17:38:48.521Z
pisc_712b2319fd3d,non,JB,2026-07-16T17:32:54.096Z
pisc_71e983a85bcf,oui,JB,2026-07-16T17:38:01.237Z
pisc_726fefd5f485,non,JB,2026-07-16T17:36:33.684Z
pisc_72d340e49368,oui,JB,2026-07-16T17:40:14.996Z
pisc_72e452066361,oui,JB,2026-07-16T17:39:56.136Z
pisc_72f3ba161082,non,JB,2026-07-16T17:35:37.086Z
pisc_72fda5241638,non,JB,2026-07-16T17:34:09.365Z
pisc_731ebc40eaeb,non,JB,2026-07-16T17:37:16.153Z
pisc_7345a76dd246,non,JB,2026-07-16T17:38:55.621Z
pisc_736fc5c2cee1,non,JB,2026-07-16T17:34:47.751Z
pisc_73a9d7618d92,non,JB,2026-07-16T17:31:08.795Z
pisc_73feb626f43d,oui,JB,2026-07-16T17:40:47.538Z
pisc_74039090a997,non,JB,2026-07-16T17:32:06.359Z
pisc_745ee694d101,oui,JB,2026-07-16T17:38:45.091Z
pisc_74709f95b8cd,oui,JB,2026-07-16T17:40:55.208Z
pisc_74bb8a3b8d54,non,JB,2026-07-16T17:30:57.567Z
pisc_74f204faf94e,non,JB,2026-07-16T17:33:52.676Z
pisc_750474c74415,non,JB,2026-07-16T17:37:14.033Z
pisc_754c62eb0c58,non,JB,2026-07-16T17:35:55.003Z
pisc_75738e6fb90c,non,JB,2026-07-16T17:37:06.276Z
pisc_75d4d06ca6a2,non,JB,2026-07-16T17:31:39.111Z
pisc_7705ab4ff991,non,JB,2026-07-16T17:37:46.853Z
pisc_7746baeb25c3,oui,JB,2026-07-16T17:39:39.429Z
pisc_776129e1976b,non,JB,2026-07-16T17:31:32.841Z
pisc_7763a6fa82f8,non,JB,2026-07-16T17:39:19.334Z
pisc_776c10d7e54c,non,JB,2026-07-16T17:32:36.706Z
pisc_77beef78879d,non,JB,2026-07-16T17:32:59.870Z
pisc_77cbf6658f5c,non,JB,2026-07-16T17:32:52.350Z
pisc_77d197136837,non,JB,2026-07-16T17:36:51.671Z
pisc_77f6388799a5,non,JB,2026-07-16T17:35:10.907Z
pisc_7804cdc2ae74,oui,JB,2026-07-16T17:36:41.409Z
pisc_7808e908cb53,oui,JB,2026-07-16T17:40:28.656Z
pisc_780dc66ceee9,non,JB,2026-07-16T17:33:20.505Z
pisc_7830512f1d6a,non,JB,2026-07-16T17:31:39.989Z
pisc_79192e8c93c3,non,JB,2026-07-16T17:33:14.320Z
pisc_79db50988e12,oui,JB,2026-07-16T17:34:42.598Z
pisc_79dc80981686,non,JB,2026-07-16T17:35:32.984Z
pisc_79e876448eca,non,JB,2026-07-16T17:35:37.318Z
pisc_7a1b88824a67,non,JB,2026-07-16T17:33:29.511Z
pisc_7a633c446e61,oui,JB,2026-07-16T17:40:54.617Z
pisc_7a63cf817816,non,JB,2026-07-16T17:35:08.878Z
pisc_7a84b078f544,non,JB,2026-07-16T17:30:51.202Z
pisc_7b109fa858d0,non,JB,2026-07-16T17:39:36.471Z
pisc_7b484fd50ae6,non,JB,2026-07-16T17:36:00.647Z
pisc_7b9bfdccb639,non,JB,2026-07-16T17:34:53.714Z
pisc_7c1c0d588e2a,non,JB,2026-07-16T17:36:50.753Z
pisc_7c2fb186c1b4,non,JB,2026-07-16T17:37:39.886Z
pisc_7c606e91c9af,non,JB,2026-07-16T17:39:24.132Z
pisc_7ce82006d163,non,JB,2026-07-16T17:34:53.306Z
pisc_7d049cd99e16,non,JB,2026-07-16T17:30:58.138Z
pisc_7dbeeefc6f61,non,JB,2026-07-16T17:37:11.944Z
pisc_7e19e42e690c,non,JB,2026-07-16T17:37:04.390Z
pisc_7ea7092c8543,non,JB,2026-07-16T17:31:49.919Z
pisc_7eeedd08e3cf,non,JB,2026-07-16T17:33:26.216Z
pisc_7f715c856b1d,non,JB,2026-07-16T17:35:46.702Z
pisc_7fb65783a753,oui,JB,2026-07-16T17:38:39.602Z
pisc_7fe52bd2ba7d,oui,JB,2026-07-16T17:40:42.786Z
pisc_8172dc5f7018,oui,JB,2026-07-16T17:32:34.627Z
pisc_81a00b1abfaf,non,JB,2026-07-16T17:32:16.117Z
pisc_81f1fe58bca0,oui,JB,2026-07-16T17:33:34.237Z
pisc_81f2b68ab26e,oui,JB,2026-07-16T17:40:32.053Z
pisc_825ba4aea06f,non,JB,2026-07-16T17:33:53.039Z
pisc_828487288aa0,non,JB,2026-07-16T17:37:18.124Z
pisc_82d8d3c37bd0,oui,JB,2026-07-16T17:40:56.129Z
pisc_82ea6e68b62b,non,JB,2026-07-16T17:35:17.494Z
pisc_8374c53a39a6,non,JB,2026-07-16T17:33:47.852Z
pisc_8391483016a7,non,JB,2026-07-16T17:38:07.724Z
pisc_83c27b4818ab,non,JB,2026-07-16T17:32:24.350Z
pisc_83d374ba6003,non,JB,2026-07-16T17:39:53.775Z
pisc_83e7225ab645,non,JB,2026-07-16T17:37:18.804Z
pisc_83fd044c2b80,non,JB,2026-07-16T17:35:58.194Z
pisc_8485cbbe0319,non,JB,2026-07-16T17:37:13.287Z
pisc_84ead75966bd,non,JB,2026-07-16T17:31:33.788Z
pisc_8508211b9f17,non,JB,2026-07-16T17:30:58.631Z
pisc_850b34a6adfd,oui,JB,2026-07-16T17:39:45.508Z
pisc_850ecb159ebe,non,JB,2026-07-16T17:35:29.409Z
pisc_851dbc64c75a,non,JB,2026-07-16T17:34:02.699Z
pisc_8615d5ab4506,non,JB,2026-07-16T17:36:57.409Z
pisc_86229042a6ea,non,JB,2026-07-16T17:34:46.224Z
pisc_86430464239e,oui,JB,2026-07-16T17:40:50.451Z
pisc_873887c4a36b,non,JB,2026-07-16T17:37:08.707Z
pisc_873a76c609aa,non,JB,2026-07-16T17:36:05.681Z
pisc_87739c1b2e10,non,JB,2026-07-16T17:36:28.232Z
pisc_886c9f6155d6,non,JB,2026-07-16T17:36:06.166Z
pisc_8880fc72200d,non,JB,2026-07-16T17:37:15.212Z
pisc_88b73bdf0901,non,JB,2026-07-16T17:30:59.894Z
pisc_88c04d681790,non,JB,2026-07-16T17:31:06.788Z
pisc_8962b41bdca3,oui,JB,2026-07-16T17:40:08.257Z
pisc_89f887c39e13,oui,JB,2026-07-16T17:40:20.482Z
pisc_8accfb470c4f,oui,JB,2026-07-16T17:40:52.061Z
pisc_8af536e43d55,oui,JB,2026-07-16T17:40:34.518Z
pisc_8b138b084ed9,non,JB,2026-07-16T17:33:21.892Z
pisc_8b230d6155c3,non,JB,2026-07-16T17:38:56.970Z
pisc_8b2e16d52259,non,JB,2026-07-16T17:36:31.091Z
pisc_8b3d96bee520,non,JB,2026-07-16T17:36:07.694Z
pisc_8b5c75006038,non,JB,2026-07-16T17:38:54.537Z
pisc_8b77bfa0b3af,non,JB,2026-07-16T17:39:29.934Z
pisc_8bdbe118eda4,non,JB,2026-07-16T17:35:31.572Z
pisc_8bef9e09bd96,oui,JB,2026-07-16T17:35:01.262Z
pisc_8c40678dab1b,oui,JB,2026-07-16T17:39:57.860Z
pisc_8c4c0725e666,oui,JB,2026-07-16T17:40:39.841Z
pisc_8c7aa46424e0,oui,JB,2026-07-16T17:31:58.166Z
pisc_8ca690a5ac1f,oui,JB,2026-07-16T17:40:28.447Z
pisc_8d066b778ccb,non,JB,2026-07-16T17:32:39.717Z
pisc_8d31b8d066af,oui,JB,2026-07-16T17:39:16.144Z
pisc_8d72669d3999,non,JB,2026-07-16T17:32:44.359Z
pisc_8d78227af7fb,non,JB,2026-07-16T17:35:25.262Z
pisc_8dd9a6406620,non,JB,2026-07-16T17:32:17.996Z
pisc_8ddd7854f021,non,JB,2026-07-16T17:38:04.142Z
pisc_8df9aa824822,non,JB,2026-07-16T17:36:48.012Z
pisc_8e1f7ddca9f8,non,JB,2026-07-16T17:33:30.354Z
pisc_8e69c295dff2,non,JB,2026-07-16T17:38:42.974Z
pisc_8ea096e31ec2,non,JB,2026-07-16T17:32:16.816Z
pisc_8fb9a64a79b0,non,JB,2026-07-16T17:32:30.405Z
pisc_8fd6bdcb4fac,non,JB,2026-07-16T17:31:15.674Z
pisc_90ac04aadb07,oui,JB,2026-07-16T17:40:10.219Z
pisc_90e82f5902fd,oui,JB,2026-07-16T17:40:26.965Z
pisc_910e03019bf8,non,JB,2026-07-16T17:38:41.975Z
pisc_917755f9c960,oui,JB,2026-07-16T17:40:10.701Z
pisc_924c1b32f408,non,JB,2026-07-16T17:35:43.833Z
pisc_92675f7e514d,non,JB,2026-07-16T17:39:35.821Z
pisc_9291b0c0e12f,oui,JB,2026-07-16T17:40:43.545Z
pisc_92b33c19ade6,oui,JB,2026-07-16T17:40:31.860Z
pisc_9316f7dad9b4,oui,JB,2026-07-16T17:38:27.191Z
pisc_931735349d5f,non,JB,2026-07-16T17:33:01.132Z
pisc_9317cbd306ae,non,JB,2026-07-16T17:32:32.729Z
pisc_9346e5834bd7,non,JB,2026-07-16T17:29:12.910Z
pisc_934e56a8f1a4,non,JB,2026-07-16T17:38:05.448Z
pisc_9351059bf5ee,non,JB,2026-07-16T17:31:52.220Z
pisc_935a82b54d43,non,JB,2026-07-16T17:37:08.509Z
pisc_936fc22fb16a,oui,JB,2026-07-16T17:39:18.209Z
pisc_937484e62c91,non,JB,2026-07-16T17:32:29.097Z
pisc_93b2f0d777f5,non,JB,2026-07-16T17:35:02.999Z
pisc_93c118bcf3c2,non,JB,2026-07-16T17:36:16.740Z
pisc_941fa2dd604d,non,JB,2026-07-16T17:31:30.878Z
pisc_944b680df418,non,JB,2026-07-16T17:33:50.212Z
pisc_94a15f17d088,oui,JB,2026-07-16T17:40:44.395Z
pisc_94e9a3cf9123,non,JB,2026-07-16T17:31:16.822Z
pisc_950482a609cc,non,JB,2026-07-16T17:31:47.909Z
pisc_951bc0bce56c,oui,JB,2026-07-16T17:40:51.333Z
pisc_95bf114ca41d,non,JB,2026-07-16T17:38:03.244Z
pisc_96394c4e16cc,non,JB,2026-07-16T17:33:28.738Z
pisc_964813b66ec0,oui,JB,2026-07-16T17:40:27.875Z
pisc_965ed268e553,oui,JB,2026-07-16T17:37:12.145Z
pisc_96749ab09b42,non,JB,2026-07-16T17:38:07.324Z
pisc_9696438df148,non,JB,2026-07-16T17:31:30.465Z
pisc_96e5aa865749,non,JB,2026-07-16T17:38:26.452Z
pisc_97156807d382,non,JB,2026-07-16T17:39:00.914Z
pisc_974bac925797,non,JB,2026-07-16T17:32:27.365Z
pisc_97c81fee0a23,non,JB,2026-07-16T17:36:58.445Z
pisc_97cab1466c5a,oui,JB,2026-07-16T17:40:36.727Z
pisc_97d62c954c09,non,JB,2026-07-16T17:35:50.091Z
pisc_97d7dfc1d7e4,non,JB,2026-07-16T17:35:50.681Z
pisc_97e16cbd7a9e,non,JB,2026-07-16T17:33:24.198Z
pisc_97e24bc03840,non,JB,2026-07-16T17:31:53.759Z
pisc_97e32d976a14,oui,JB,2026-07-16T17:39:12.768Z
pisc_97fa6c497948,non,JB,2026-07-16T17:32:55.295Z
pisc_98189576f580,non,JB,2026-07-16T17:39:26.524Z
pisc_982ef16d7eab,non,JB,2026-07-16T17:32:00.128Z
pisc_988dac7862ed,non,JB,2026-07-16T17:31:21.667Z
pisc_98defba6f8ae,non,JB,2026-07-16T17:31:47.508Z
pisc_9935ee253eeb,non,JB,2026-07-16T17:39:27.293Z
pisc_99fcfa0b057b,non,JB,2026-07-16T17:31:07.661Z
pisc_9a0dc38354af,oui,JB,2026-07-16T17:40:46.820Z
pisc_9a428b69276d,non,JB,2026-07-16T17:32:12.470Z
pisc_9a5e74c03efa,oui,JB,2026-07-16T17:40:19.629Z
pisc_9a775741732e,non,JB,2026-07-16T17:31:35.747Z
pisc_9b4a0ef34784,non,JB,2026-07-16T17:34:10.136Z
pisc_9b4bbf675fbc,non,JB,2026-07-16T17:36:08.106Z
pisc_9b5c0214459e,non,JB,2026-07-16T17:32:25.657Z
pisc_9b8b8b20a2ff,non,JB,2026-07-16T17:36:08.561Z
pisc_9b9ad89af0b1,non,JB,2026-07-16T17:34:56.083Z
pisc_9c796c02c017,non,JB,2026-07-16T17:32:50.539Z
pisc_9d024cadada7,non,JB,2026-07-16T17:36:39.438Z
pisc_9d3997204e82,non,JB,2026-07-16T17:39:20.062Z
pisc_9d5e03ff4b6a,non,JB,2026-07-16T17:34:06.806Z
pisc_9d976f8328fc,oui,JB,2026-07-16T17:36:19.422Z
pisc_9e012437a7a7,non,JB,2026-07-16T17:32:15.578Z
pisc_9e68b012af95,oui,JB,2026-07-16T17:40:38.250Z
pisc_9e80c4d74272,non,JB,2026-07-16T17:35:44.684Z
pisc_9ec72b2f539f,oui,JB,2026-07-16T17:40:02.461Z
pisc_9ecbd736780b,non,JB,2026-07-16T17:34:00.463Z
pisc_9ed814c71bfd,non,JB,2026-07-16T17:35:46.283Z
pisc_9f2fa4c27960,oui,JB,2026-07-16T17:40:15.872Z
pisc_9f324bfaa06c,oui,JB,2026-07-16T17:39:34.227Z
pisc_9f571cda6ef8,non,JB,2026-07-16T17:32:25.203Z
pisc_9f6ef759e2b3,non,JB,2026-07-16T17:30:51.820Z
pisc_9fa457e62252,non,JB,2026-07-16T17:35:44.307Z
pisc_9fc99fbf52d6,non,JB,2026-07-16T17:36:15.954Z
pisc_a066675308f0,oui,JB,2026-07-16T17:38:32.090Z
pisc_a0df692aadce,non,JB,2026-07-16T17:35:53.366Z
pisc_a132c56cc466,oui,JB,2026-07-16T17:39:57.113Z
pisc_a21023761c91,oui,JB,2026-07-16T17:40:53.186Z
pisc_a22ddca155ee,non,JB,2026-07-16T17:33:02.049Z
pisc_a23c9de39b8d,non,JB,2026-07-16T17:35:20.420Z
pisc_a2744ceaed6f,non,JB,2026-07-16T17:33:14.731Z
pisc_a275abf89789,oui,JB,2026-07-16T17:40:53.360Z
pisc_a2e699350e04,non,JB,2026-07-16T17:36:38.617Z
pisc_a32497893569,non,JB,2026-07-16T17:32:51.909Z
pisc_a3c82730ba93,oui,JB,2026-07-16T17:40:24.721Z
pisc_a3c99f2beea7,non,JB,2026-07-16T17:35:52.520Z
pisc_a4a8deaff13a,non,JB,2026-07-16T17:32:57.777Z
pisc_a4c406a06742,non,JB,2026-07-16T17:36:26.657Z
pisc_a52206552ccf,non,JB,2026-07-16T17:32:21.831Z
pisc_a52bb9f411ca,non,JB,2026-07-16T17:36:25.164Z
pisc_a553c707d0af,non,JB,2026-07-16T17:37:25.698Z
pisc_a576af759534,non,JB,2026-07-16T17:34:08.961Z
pisc_a57ad94b66c8,non,JB,2026-07-16T17:36:35.378Z
pisc_a57b06ba3343,non,JB,2026-07-16T17:38:36.180Z
pisc_a581ff1afc92,non,JB,2026-07-16T17:32:01.776Z
pisc_a587b03b620e,non,JB,2026-07-16T17:37:54.470Z
pisc_a589288b2ffd,non,JB,2026-07-16T17:37:07.800Z
pisc_a5c45c6d173e,oui,JB,2026-07-16T17:39:15.031Z
pisc_a60f550f1f95,non,JB,2026-07-16T17:33:10.239Z
pisc_a6ebb337c43c,non,JB,2026-07-16T17:39:10.660Z
pisc_a7019c3cec97,non,JB,2026-07-16T17:30:58.936Z
pisc_a75d17cbf831,non,JB,2026-07-16T17:33:47.384Z
pisc_a7c7f52a3b19,non,JB,2026-07-16T17:36:35.778Z
pisc_a7d4793a7714,non,JB,2026-07-16T17:35:07.951Z
pisc_a83d3ada71ac,non,JB,2026-07-16T17:33:05.513Z
pisc_a85542f18aa7,non,JB,2026-07-16T17:32:27.750Z
pisc_a874ad95b138,non,JB,2026-07-16T17:37:12.989Z
pisc_a8bd77720cf7,oui,JB,2026-07-16T17:40:49.371Z
pisc_a9140af50ef1,oui,JB,2026-07-16T17:40:51.139Z
pisc_a960ace42822,non,JB,2026-07-16T17:31:07.965Z
pisc_a9f019c16ad9,oui,JB,2026-07-16T17:39:43.999Z
pisc_aa6dfe193ded,non,JB,2026-07-16T17:36:22.376Z
pisc_aa73ff0c7b5b,non,JB,2026-07-16T17:32:28.671Z
pisc_abd3a91d4072,oui,JB,2026-07-16T17:40:34.327Z
pisc_ac121ef0fae8,non,JB,2026-07-16T17:30:52.697Z
pisc_ac440cd95a55,non,JB,2026-07-16T17:33:25.824Z
pisc_ac4e04e97d35,non,JB,2026-07-16T17:31:52.633Z
pisc_ac5ffaccb4e0,oui,JB,2026-07-16T17:40:40.541Z
pisc_ac93b2ae0802,non,JB,2026-07-16T17:32:19.577Z
pisc_acb247446b51,non,JB,2026-07-16T17:35:55.768Z
pisc_ad1f0d54b73b,non,JB,2026-07-16T17:37:17.157Z
pisc_add44f1f9a83,oui,JB,2026-07-16T17:39:51.550Z
pisc_af36bd7f9b98,non,JB,2026-07-16T17:38:28.091Z
pisc_af77698e53e8,non,JB,2026-07-16T17:37:37.329Z
pisc_b054120a77b3,non,JB,2026-07-16T17:36:23.390Z
pisc_b054a953422c,non,JB,2026-07-16T17:36:44.815Z
pisc_b09813f2e6de,non,JB,2026-07-16T17:31:46.197Z
pisc_b0a23e78dee3,non,JB,2026-07-16T17:33:20.079Z
pisc_b0b48004a130,non,JB,2026-07-16T17:37:25.299Z
pisc_b1170216998d,oui,JB,2026-07-16T17:39:59.128Z
pisc_b15110cc242c,non,JB,2026-07-16T17:31:41.745Z
pisc_b1718467df74,non,JB,2026-07-16T17:34:48.148Z
pisc_b21440276bc9,non,JB,2026-07-16T17:31:38.280Z
pisc_b23291f709b5,non,JB,2026-07-16T17:32:15.320Z
pisc_b2836a8a9f0b,non,JB,2026-07-16T17:37:37.769Z
pisc_b2a4f7f0fbf6,oui,JB,2026-07-16T17:29:16.443Z
pisc_b2b71baba9b2,non,JB,2026-07-16T17:33:06.319Z
pisc_b2bc2dbc3130,oui,JB,2026-07-16T17:40:52.508Z
pisc_b33096d40765,non,JB,2026-07-16T17:35:05.075Z
pisc_b3d194bb1a04,non,JB,2026-07-16T17:35:18.087Z
pisc_b3dfc50c7f3f,non,JB,2026-07-16T17:33:13.797Z
pisc_b3e8f13e3dc0,oui,JB,2026-07-16T17:40:17.021Z
pisc_b3f1b2fd6a46,non,JB,2026-07-16T17:36:02.986Z
pisc_b44ba93c19f5,non,JB,2026-07-16T17:31:01.059Z
pisc_b45b2dc2c2a8,oui,JB,2026-07-16T17:40:45.399Z
pisc_b4cc8f2218a8,non,JB,2026-07-16T17:35:20.219Z
pisc_b4d12ed2e58e,non,JB,2026-07-16T17:34:06.323Z
pisc_b4e37f964bac,non,JB,2026-07-16T17:29:12.668Z
pisc_b4e55562a111,oui,JB,2026-07-16T17:39:28.521Z
pisc_b507e8f84a86,non,JB,2026-07-16T17:35:47.521Z
pisc_b55822654509,non,JB,2026-07-16T17:32:43.969Z
pisc_b66455bf5bea,non,JB,2026-07-16T17:38:29.207Z
pisc_b6a178a8dbf2,non,JB,2026-07-16T17:40:04.516Z
pisc_b7001e75a5ad,non,JB,2026-07-16T17:35:52.148Z
pisc_b7b6f8c754f9,non,JB,2026-07-16T17:32:37.133Z
pisc_b89e3e7cea4e,non,JB,2026-07-16T17:35:00.416Z
pisc_b8abc3b9eb94,oui,JB,2026-07-16T17:40:29.177Z
pisc_b901d6ffee59,oui,JB,2026-07-16T17:39:18.921Z
pisc_b914e2fdc290,non,JB,2026-07-16T17:31:15.169Z
pisc_b941867ee89a,non,JB,2026-07-16T17:33:23.266Z
pisc_b95bbab342dc,non,JB,2026-07-16T17:36:57.632Z
pisc_b988558d46f8,non,JB,2026-07-16T17:36:51.894Z
pisc_b9a0e0613f51,non,JB,2026-07-16T17:39:34.691Z
pisc_b9a6b0edbdb5,non,JB,2026-07-16T17:31:11.330Z
pisc_b9fad02f73b4,non,JB,2026-07-16T17:35:07.154Z
pisc_ba89fbcc3e3e,non,JB,2026-07-16T17:35:41.212Z
pisc_baad0ef59ac9,non,JB,2026-07-16T17:35:36.453Z
pisc_bab85b93641e,non,JB,2026-07-16T17:33:21.003Z
pisc_badd18f05ba7,oui,JB,2026-07-16T17:40:53.870Z
pisc_baf7a6f05547,non,JB,2026-07-16T17:37:32.093Z
pisc_bafa291f02c6,non,JB,2026-07-16T17:36:20.863Z
pisc_bb14d21d9157,non,JB,2026-07-16T17:39:20.468Z
pisc_bb2a0b7a97e9,non,JB,2026-07-16T17:36:56.691Z
pisc_bb4a80a20794,non,JB,2026-07-16T17:31:04.638Z
pisc_bb8c8f1ee668,non,JB,2026-07-16T17:36:50.965Z
pisc_bbef1d5a5ac5,non,JB,2026-07-16T17:36:43.534Z
pisc_bca45a1c1b4a,oui,JB,2026-07-16T17:40:15.279Z
pisc_bcd15a3de3ad,non,JB,2026-07-16T17:32:26.524Z
pisc_bdab10ebdfac,oui,JB,2026-07-16T17:33:27.470Z
pisc_bdd1cf7bf521,non,JB,2026-07-16T17:33:46.481Z
pisc_be499d16c9f4,oui,JB,2026-07-16T17:36:30.324Z
pisc_be5705864f33,oui,JB,2026-07-16T17:33:59.504Z
pisc_bffa3e7281e7,oui,JB,2026-07-16T17:40:13.162Z
pisc_c0b1ab2acc9f,non,JB,2026-07-16T17:36:32.920Z
pisc_c0c9d980c102,non,JB,2026-07-16T17:38:52.003Z
pisc_c136228b562c,non,JB,2026-07-16T17:38:31.323Z
pisc_c19d815af99e,non,JB,2026-07-16T17:38:25.441Z
pisc_c1c3fa7046ac,non,JB,2026-07-16T17:31:49.567Z
pisc_c221ae903a82,non,JB,2026-07-16T17:35:54.653Z
pisc_c23d01d2d891,non,JB,2026-07-16T17:32:26.136Z
pisc_c23ff2d5d367,non,JB,2026-07-16T17:32:05.464Z
pisc_c386ca04c840,non,JB,2026-07-16T17:38:24.474Z
pisc_c420313a2e6a,non,JB,2026-07-16T17:36:58.660Z
pisc_c42a23ece5b3,non,JB,2026-07-16T17:33:24.628Z
pisc_c442279b8599,non,JB,2026-07-16T17:33:56.029Z
pisc_c47f30300caa,non,JB,2026-07-16T17:32:23.966Z
pisc_c4972602e3ca,oui,JB,2026-07-16T17:40:27.176Z
pisc_c4c5e0711240,non,JB,2026-07-16T17:33:54.321Z
pisc_c55ac8ecefd3,non,JB,2026-07-16T17:32:45.684Z
pisc_c5a710c19139,non,JB,2026-07-16T17:35:16.879Z
pisc_c5b86ade06a9,non,JB,2026-07-16T17:37:09.434Z
pisc_c6256c6b6f1f,non,JB,2026-07-16T17:36:02.390Z
pisc_c67afe174801,non,JB,2026-07-16T17:35:18.966Z
pisc_c6987ebad38c,non,JB,2026-07-16T17:33:09.276Z
pisc_c7512a36024b,non,JB,2026-07-16T17:33:21.447Z
pisc_c75ac566866b,non,JB,2026-07-16T17:31:44.886Z
pisc_c777990886f1,non,JB,2026-07-16T17:35:59.881Z
pisc_c77e47f91d95,non,JB,2026-07-16T17:39:05.782Z
pisc_c78f39ce2c9a,non,JB,2026-07-16T17:32:22.202Z
pisc_c7bc9dbcf7fc,non,JB,2026-07-16T17:32:35.930Z
pisc_c7e248a554e5,non,JB,2026-07-16T17:32:52.820Z
pisc_c7f0ce95000d,non,JB,2026-07-16T17:32:17.596Z
pisc_c7fd68bfee3d,non,JB,2026-07-16T17:36:17.102Z
pisc_c8233951bbe2,non,JB,2026-07-16T17:36:03.316Z
pisc_c85db82805c3,non,JB,2026-07-16T17:37:05.424Z
pisc_c94ed5e5067f,non,JB,2026-07-16T17:34:05.004Z
pisc_c963ed2b345e,non,JB,2026-07-16T17:36:01.062Z
pisc_c98b9e18a160,non,JB,2026-07-16T17:36:16.286Z
pisc_c9906587eaff,non,JB,2026-07-16T17:32:11.735Z
pisc_c9ba888219c4,oui,JB,2026-07-16T17:39:32.766Z
pisc_c9e604d199b9,non,JB,2026-07-16T17:34:52.447Z
pisc_ca0a214603b9,non,JB,2026-07-16T17:35:45.112Z
pisc_ca4288ca2d35,non,JB,2026-07-16T17:34:57.470Z
pisc_ca93cbac96af,non,JB,2026-07-16T17:32:29.933Z
pisc_caa812853b7b,oui,JB,2026-07-16T17:39:10.340Z
pisc_cb1922993865,non,JB,2026-07-16T17:33:56.431Z
pisc_cb4509109f40,non,JB,2026-07-16T17:36:04.558Z
pisc_cba4b7a4caf7,non,JB,2026-07-16T17:35:34.998Z
pisc_cbd1b031bcc9,non,JB,2026-07-16T17:36:04.902Z
pisc_cbda979077d5,non,JB,2026-07-16T17:36:31.565Z
pisc_ccbd66ca680e,non,JB,2026-07-16T17:32:58.514Z
pisc_ccff35777bba,oui,JB,2026-07-16T17:37:35.611Z
pisc_cd2b009d5c6e,non,JB,2026-07-16T17:36:53.954Z
pisc_cdde3cf65e92,oui,JB,2026-07-16T17:40:41.316Z
pisc_cdf1661a5aea,non,JB,2026-07-16T17:35:32.485Z
pisc_ce2fc1f6cb8e,non,JB,2026-07-16T17:32:24.813Z
pisc_ce68eef4f5a4,oui,JB,2026-07-16T17:40:08.937Z
pisc_cef325fda5af,non,JB,2026-07-16T17:33:23.745Z
pisc_cf64c6a2e5b3,oui,JB,2026-07-16T17:40:01.325Z
pisc_cfc832d3ecc5,non,JB,2026-07-16T17:33:18.070Z
pisc_d0126600ace1,oui,JB,2026-07-16T17:40:36.075Z
pisc_d054a0e15bbf,non,JB,2026-07-16T17:36:06.492Z
pisc_d0ad99fde05a,non,JB,2026-07-16T17:32:36.374Z
pisc_d0ba6c0412cd,non,JB,2026-07-16T17:29:15.279Z
pisc_d0e5d9e80e1c,non,JB,2026-07-16T17:34:51.159Z
pisc_d0f2ebd62a6b,oui,JB,2026-07-16T17:40:27.679Z
pisc_d148dbc1d313,oui,JB,2026-07-16T17:38:53.337Z
pisc_d19de93fe535,non,JB,2026-07-16T17:38:11.198Z
pisc_d1bb35ec6da7,non,JB,2026-07-16T17:35:51.407Z
pisc_d1cd2b11bdb6,oui,JB,2026-07-16T17:40:35.888Z
pisc_d20d98b3cddd,non,JB,2026-07-16T17:38:33.918Z
pisc_d22de1ec1c30,non,JB,2026-07-16T17:35:16.188Z
pisc_d2d0a5f93a94,non,JB,2026-07-16T17:35:13.469Z
pisc_d3113c7c28c5,non,JB,2026-07-16T17:38:08.271Z
pisc_d3b08e27e1cd,non,JB,2026-07-16T17:39:41.644Z
pisc_d3b346b315af,oui,JB,2026-07-16T17:39:56.916Z
pisc_d3cd249aee14,oui,JB,2026-07-16T17:40:00.518Z
pisc_d46f381fa561,oui,JB,2026-07-16T17:37:23.149Z
pisc_d4f2880b11b1,non,JB,2026-07-16T17:36:49.728Z
pisc_d521ccaddf5c,non,JB,2026-07-16T17:31:12.758Z
pisc_d58479d699ac,non,JB,2026-07-16T17:38:10.829Z
pisc_d6a1fded8b94,non,JB,2026-07-16T17:33:35.572Z
pisc_d71909d5b8e4,non,JB,2026-07-16T17:39:13.976Z
pisc_d813db76e8fd,non,JB,2026-07-16T17:36:47.758Z
pisc_d89a2e9d8dd2,non,JB,2026-07-16T17:38:37.901Z
pisc_d8a1c2311f88,non,JB,2026-07-16T17:36:49.482Z
pisc_d8b649b6ea01,non,JB,2026-07-16T17:31:10.515Z
pisc_d8e23627eb26,oui,JB,2026-07-16T17:32:10.630Z
pisc_d8f84dd09421,non,JB,2026-07-16T17:39:45.079Z
pisc_d98b32f4d34d,oui,JB,2026-07-16T17:40:35.259Z
pisc_d9a8e6decbf2,non,JB,2026-07-16T17:36:02.067Z
pisc_d9c010e31f62,non,JB,2026-07-16T17:38:02.545Z
pisc_da31ce7aef90,non,JB,2026-07-16T17:31:50.311Z
pisc_da4b917a7922,oui,JB,2026-07-16T17:40:26.371Z
pisc_dadcebd85edb,non,JB,2026-07-16T17:32:30.850Z
pisc_db09aa78af07,non,JB,2026-07-16T17:39:27.849Z
pisc_db626f2257c3,oui,JB,2026-07-16T17:38:40.419Z
pisc_dbe1a7adfed0,non,JB,2026-07-16T17:33:52.132Z
pisc_dbef6fae9964,oui,JB,2026-07-16T17:37:10.543Z
pisc_dc23413a9c88,oui,JB,2026-07-16T17:40:37.650Z
pisc_dc4cea212d34,non,JB,2026-07-16T17:30:54.128Z
pisc_dc81cf64c0e8,non,JB,2026-07-16T17:36:48.646Z
pisc_dcb3c5850692,non,JB,2026-07-16T17:32:12.739Z
pisc_dce8a316b0d6,oui,JB,2026-07-16T17:40:06.089Z
pisc_dcf14ce24127,non,JB,2026-07-16T17:39:35.358Z
pisc_dd19090e5e4d,non,JB,2026-07-16T17:38:46.118Z
pisc_dd4c05cf1da6,non,JB,2026-07-16T17:31:43.224Z
pisc_dd5e9a4e0c41,non,JB,2026-07-16T17:38:42.644Z
pisc_dd9384dd0445,non,JB,2026-07-16T17:30:56.998Z
pisc_dde5344799e5,oui,JB,2026-07-16T17:36:10.415Z
pisc_defce9bf3ec4,non,JB,2026-07-16T17:39:29.590Z
pisc_df22c92e2056,non,JB,2026-07-16T17:33:31.429Z
pisc_df580b64ed52,non,JB,2026-07-16T17:33:13.367Z
pisc_df778a3f6a3d,non,JB,2026-07-16T17:31:36.490Z
pisc_df86a0eaeeb4,non,JB,2026-07-16T17:36:00.277Z
pisc_dfa0ba1cf48f,non,JB,2026-07-16T17:34:50.645Z
pisc_dfebc9e472d3,non,JB,2026-07-16T17:36:08.903Z
pisc_e0054f2e2a02,non,JB,2026-07-16T17:34:47.066Z
pisc_e023bcd202d8,non,JB,2026-07-16T17:37:14.326Z
pisc_e08751e0bb23,non,JB,2026-07-16T17:39:58.668Z
pisc_e0ae07a97ba8,oui,JB,2026-07-16T17:40:10.985Z
pisc_e0b21351a1fe,non,JB,2026-07-16T17:34:07.288Z
pisc_e0fa749cb288,non,JB,2026-07-16T17:36:36.987Z
pisc_e136be83be85,non,JB,2026-07-16T17:32:43.383Z
pisc_e1391d816021,non,JB,2026-07-16T17:35:59.491Z
pisc_e14434e5316f,non,JB,2026-07-16T17:39:22.501Z
pisc_e1bf67af47b5,non,JB,2026-07-16T17:38:56.230Z
pisc_e207e7215fe8,non,JB,2026-07-16T17:29:13.358Z
pisc_e215c83b8d3a,oui,JB,2026-07-16T17:40:59.145Z
pisc_e21a2583542d,non,JB,2026-07-16T17:35:08.147Z
pisc_e28f8c546cda,non,JB,2026-07-16T17:31:16.025Z
pisc_e364c8d2376f,non,JB,2026-07-16T17:33:53.487Z
pisc_e36b69a4a99d,non,JB,2026-07-16T17:33:12.914Z
pisc_e3d301fa5898,oui,JB,2026-07-16T17:38:47.624Z
pisc_e3e535dd4db4,non,JB,2026-07-16T17:36:42.529Z
pisc_e465dfa16f71,non,JB,2026-07-16T17:31:21.306Z
pisc_e49dc811c44c,oui,JB,2026-07-16T17:40:57.712Z
pisc_e4e9d5a7279a,oui,JB,2026-07-16T17:39:31.092Z
pisc_e501aedee5f6,oui,JB,2026-07-16T17:39:21.315Z
pisc_e502a1adf6ee,oui,JB,2026-07-16T17:40:00.167Z
pisc_e51bcc8b0316,non,JB,2026-07-16T17:36:42.796Z
pisc_e55b6a1e5032,oui,JB,2026-07-16T17:40:44.564Z
pisc_e5b1ec4982a8,non,JB,2026-07-16T17:33:08.518Z
pisc_e5f2d326dc9c,non,JB,2026-07-16T17:38:46.451Z
pisc_e614160930e0,non,JB,2026-07-16T17:33:18.533Z
pisc_e6b8e6956137,non,JB,2026-07-16T17:37:10.969Z
pisc_e6c773962142,non,JB,2026-07-16T17:38:06.432Z
pisc_e6d02ffd6386,non,JB,2026-07-16T17:36:17.679Z
pisc_e702aa6fb3a2,non,JB,2026-07-16T17:34:50.220Z
pisc_e774f846b68c,non,JB,2026-07-16T17:34:01.874Z
pisc_e79d0f9e730b,non,JB,2026-07-16T17:39:42.071Z
pisc_e7e5757511ce,non,JB,2026-07-16T17:32:07.350Z
pisc_e846bd348b73,oui,JB,2026-07-16T17:40:49.196Z
pisc_e847a56f2891,non,JB,2026-07-16T17:37:44.770Z
pisc_e84e8a3f00c0,oui,JB,2026-07-16T17:40:03.175Z
pisc_e863ca300a24,non,JB,2026-07-16T17:29:15.018Z
pisc_e88ee1e23f75,non,JB,2026-07-16T17:32:47.566Z
pisc_e89670aa1288,non,JB,2026-07-16T17:35:47.126Z
pisc_e8a32763528e,non,JB,2026-07-16T17:33:22.821Z
pisc_e8c4c39635e7,non,JB,2026-07-16T17:35:55.414Z
pisc_e8c96503cf3a,non,JB,2026-07-16T17:35:12.274Z
pisc_e8f700c1193b,oui,JB,2026-07-16T17:40:05.042Z
pisc_e91d490ac614,non,JB,2026-07-16T17:37:23.857Z
pisc_e91f0d47f975,non,JB,2026-07-16T17:32:14.033Z
pisc_e9d7d66184eb,non,JB,2026-07-16T17:38:47.300Z
pisc_ea02874307c3,non,JB,2026-07-16T17:38:06.174Z
pisc_ea54fe8fc11c,non,JB,2026-07-16T17:38:30.022Z
pisc_ea697ff83315,non,JB,2026-07-16T17:31:20.749Z
pisc_ea6f09480a11,non,JB,2026-07-16T17:35:42.457Z
pisc_ea948a983d10,non,JB,2026-07-16T17:37:16.920Z
pisc_ea95e827e114,non,JB,2026-07-16T17:31:22.161Z
pisc_ea986fb9acce,non,JB,2026-07-16T17:36:59.453Z
pisc_eaa55628bb3a,non,JB,2026-07-16T17:33:15.179Z
pisc_eab640c58dda,non,JB,2026-07-16T17:38:38.317Z
pisc_eace69c9250f,non,JB,2026-07-16T17:35:21.679Z
pisc_eb8220bee8b1,non,JB,2026-07-16T17:38:00.826Z
pisc_ebaf90a8b2b3,non,JB,2026-07-16T17:33:04.480Z
pisc_ebdfba8ef7d9,non,JB,2026-07-16T17:32:56.293Z
pisc_ebf3bca84cfd,non,JB,2026-07-16T17:31:40.420Z
pisc_ec28599006f1,non,JB,2026-07-16T17:33:54.687Z
pisc_ecc74acf0d57,oui,JB,2026-07-16T17:38:59.214Z
pisc_ece0a59e0397,non,JB,2026-07-16T17:39:01.475Z
pisc_ed2bc3bee18a,oui,JB,2026-07-16T17:40:16.138Z
pisc_edd4b2c6bbf1,non,JB,2026-07-16T17:32:13.577Z
pisc_ede06221b436,non,JB,2026-07-16T17:36:40.258Z
pisc_ede16e3b5449,non,JB,2026-07-16T17:33:50.954Z
pisc_ee4cb2d56d8c,non,JB,2026-07-16T17:32:05.123Z
pisc_eeb3fce3357a,oui,JB,2026-07-16T17:40:13.729Z
pisc_eed5ed943a92,non,JB,2026-07-16T17:36:24.370Z
pisc_eee59b97300c,oui,JB,2026-07-16T17:32:09.158Z
pisc_eeffd5fd4c7f,non,JB,2026-07-16T17:31:41.261Z
pisc_ef0dc809c308,non,JB,2026-07-16T17:36:25.401Z
pisc_efbad18625db,oui,JB,2026-07-16T17:32:39.179Z
pisc_f03880695ac4,non,JB,2026-07-16T17:36:36.100Z
pisc_f1d94ce8f9f6,non,JB,2026-07-16T17:36:47.087Z
pisc_f23c64f7f753,non,JB,2026-07-16T17:32:11.417Z
pisc_f253229505e5,non,JB,2026-07-16T17:34:05.881Z
pisc_f2678e0e58db,non,JB,2026-07-16T17:37:31.711Z
pisc_f271896c441a,oui,JB,2026-07-16T17:40:06.324Z
pisc_f28a73144af4,non,JB,2026-07-16T17:31:46.661Z
pisc_f31e7270b926,oui,JB,2026-07-16T17:35:40.398Z
pisc_f357c4230a25,non,JB,2026-07-16T17:38:39.008Z
pisc_f3b3d3df9051,oui,JB,2026-07-16T17:40:43.735Z
pisc_f3c0969af1b9,non,JB,2026-07-16T17:32:03.417Z
pisc_f3e4dd89dc55,non,JB,2026-07-16T17:35:52.964Z
pisc_f42ae7092e24,non,JB,2026-07-16T17:39:58.158Z
pisc_f4aeb2683f55,oui,JB,2026-07-16T17:40:30.643Z
pisc_f5331bfaaa05,oui,JB,2026-07-16T17:35:57.521Z
pisc_f5419ece30a6,non,JB,2026-07-16T17:32:49.249Z
pisc_f5b25b4bebb2,oui,JB,2026-07-16T17:38:09.606Z
pisc_f5b38d750748,non,JB,2026-07-16T17:36:21.799Z
pisc_f5df5887bb6d,non,JB,2026-07-16T17:36:22.671Z
pisc_f61f030b3a20,non,JB,2026-07-16T17:33:08.071Z
pisc_f71c2a0962c2,non,JB,2026-07-16T17:31:48.338Z
pisc_f7bc91db7aca,non,JB,2026-07-16T17:32:04.613Z
pisc_f80c2bf4ec7c,non,JB,2026-07-16T17:33:29.898Z
pisc_f82a66426d3a,non,JB,2026-07-16T17:32:22.627Z
pisc_f85014bdf6fa,non,JB,2026-07-16T17:35:28.016Z
pisc_f85a9c7ea585,non,JB,2026-07-16T17:39:23.799Z
pisc_f8830a133a03,non,JB,2026-07-16T17:36:44.582Z
pisc_f94352b7d494,non,JB,2026-07-16T17:34:07.726Z
pisc_f98980815cb4,non,JB,2026-07-16T17:38:10.110Z
pisc_f98bf74ed352,non,JB,2026-07-16T17:32:40.745Z
pisc_fa51a4ee2b0a,non,JB,2026-07-16T17:32:13.272Z
pisc_fa7b575b328f,non,JB,2026-07-16T17:37:48.597Z
pisc_fa84ceba60c6,oui,JB,2026-07-16T17:39:36.966Z
pisc_fabfc0e40831,oui,JB,2026-07-16T17:40:08.029Z
pisc_faeb3253778f,non,JB,2026-07-16T17:34:48.803Z
pisc_fb1515e3d3f6,non,JB,2026-07-16T17:35:16.415Z
pisc_fbedb89d00ba,oui,JB,2026-07-16T17:40:55.024Z
pisc_fc4c90fa4408,non,JB,2026-07-16T17:35:45.898Z
pisc_fc76ff8db475,non,JB,2026-07-16T17:36:27.415Z
pisc_fd39afebf835,oui,JB,2026-07-16T17:40:22.506Z
pisc_fd6db666a5f1,non,JB,2026-07-16T17:39:15.466Z
pisc_fde93ceee70c,non,JB,2026-07-16T17:32:16.409Z
pisc_fe76c5441ce0,non,JB,2026-07-16T17:36:21.539Z
pisc_fe7d474de75e,non,JB,2026-07-16T17:36:14.043Z
pisc_fec7ef822bf8,non,JB,2026-07-16T17:38:02.005Z
pisc_ff185fa6afb9,oui,JB,2026-07-16T17:40:48.149Z
pisc_ff2a8edff16b,non,JB,2026-07-16T17:34:08.584Z
pisc_ff76616961c7,oui,JB,2026-07-16T17:33:03.932Z
