id_piscine,id_ban_choisi_humain,id_ban_assigne_auto,concordance,n_votes,accord
1,49035_0211_00001,49035_0211_00001,true,2,1.00
10,49035_0096_00024,49035_0096_00024,true,1,1.00
100,aucune,nan,false,1,1.00
101,49035_0048_00009,49035_0048_00009,true,1,1.00
102,49035_0045_00014,49035_0045_00014,true,1,1.00
103,49007_5627_00023,49007_5627_00023,true,1,1.00
104,49035_0210_00002,49035_0210_00002,true,1,1.00
105,49035_0210_00014,49035_0210_00014,true,1,1.00
106,49035_0210_00020,49035_0210_00020,true,2,1.00
107,49035_0086_00029,49035_0086_00029,true,1,1.00
108,49035_0086_00027,49035_0086_00027,true,1,1.00
109,49035_0086_00032,49035_0086_00032,true,1,1.00
11,49035_0096_00013,49035_0096_00013,true,1,1.00
110,49035_0086_00033,49035_0086_00033,true,1,1.00
111,49035_vya1gf_00003,49035_vya1gf_00003,true,1,1.00
112,49035_vya1gf_00010,49035_vya1gf_00010,true,1,1.00
113,49035_vya1gf_00014,49035_vya1gf_00014,true,2,1.00
114,49035_0007_00004,49035_0007_00004,true,1,1.00
115,49035_0158_00007,49035_0158_00007,true,1,1.00
116,49035_0158_00001,49035_0158_00001,true,1,1.00
117,49035_0158_00003,49035_0158_00003,true,1,1.00
118,49035_0204_00028,49035_0204_00028,true,1,1.00
119,49035_0204_00011,49035_0204_00011,true,1,1.00
12,49035_0017_00002,49035_0017_00002,true,1,1.00
120,49035_0204_00009,49035_0204_00009,true,1,1.00
121,49035_0203_00004,49035_0203_00004,true,1,1.00
122,49035_0204_00003,49035_0204_00003,true,1,1.00
123,49035_0203_00006_bis,49035_0203_00006_bis,true,1,1.00
124,aucune,49035_0063_00032,false,1,1.00
125,49035_0075_00017,49035_0075_00017,true,1,1.00
126,49035_0018_00010,49035_0018_00010,true,1,1.00
127,49035_0070_00037,49035_0070_00037,true,1,1.00
128,49035_0018_00008,49035_0018_00008,true,1,1.00
129,49035_0137_00043,49035_0137_00043,true,1,1.00
13,49035_0081_00008,49035_0081_00008,true,1,1.00
130,49035_b557_00008,49035_b557_00008,true,1,1.00
131,49035_0137_00102,49035_0137_00102,true,1,1.00
132,49035_b557_00012,49035_b557_00009,false,1,1.00
134,49035_0210_00024,49035_0210_00024,true,1,1.00
135,49035_0210_00038,49035_0210_00038,true,1,1.00
136,49035_0210_00044,49035_0210_00044,true,1,1.00
137,49035_0210_00055,49035_0210_00055,true,1,1.00
138,49035_0210_00050,49035_0210_00050,true,1,1.00
139,49035_0210_00054,49035_0210_00054,true,1,1.00
14,49035_0081_00004,49035_0081_00004,true,1,1.00
140,49035_0156_00014,49035_0156_00014,true,1,1.00
141,49035_0157_00003,49035_0157_00003,true,1,1.00
142,49035_0156_00030,49035_0156_00030,true,1,1.00
143,49035_0157_00002,49035_0157_00002,true,1,1.00
144,49035_0007_00001_bis,49035_0007_00001_bis,true,1,1.00
145,49035_0157_00015,49035_0157_00015,true,1,1.00
146,49035_0157_00013,49035_0157_00013,true,2,1.00
147,49035_0157_00036,49035_0157_00036,true,1,1.00
148,49035_0099_00001,49035_0099_00001,true,1,1.00
149,49035_0160_00007,49035_0160_00007,true,1,1.00
150,49035_0099_00007,49035_0099_00007,true,1,1.00
151,49035_0007_00010,49035_0007_00010,true,1,1.00
152,49035_0157_00028,49035_0159_00016,false,1,1.00
153,49035_0159_00016,49035_0159_00016,true,1,1.00
154,49035_0069_00015,49035_0069_00015,true,1,1.00
155,49035_0302_00011,49035_0302_00011,true,2,1.00
156,49035_0127_00002,49035_0127_00002,true,1,1.00
157,49035_0203_00010,49035_0203_00010,true,1,1.00
158,49035_0155_00008,49035_0155_00008,true,1,1.00
159,49035_0028_00006,49035_0028_00006,true,1,1.00
16,49035_0096_00003,49035_0096_00003,true,1,1.00
160,49035_0155_00003,49035_0155_00003,true,1,1.00
161,49035_0155_00003,49035_0155_00003,true,1,1.00
162,49035_b557_00022,49035_b557_00022,true,1,1.00
163,49035_0155_00023,49035_0155_00023,true,1,1.00
164,49035_0086_00012,49035_0086_00012,true,1,1.00
165,49035_0004_00005,49035_0004_00005,true,1,1.00
166,49035_b557_00010,49035_b557_00009,false,1,1.00
167,49035_0119_00020,49035_0119_00020,true,1,1.00
168,49035_0119_00004,49035_0119_00002,false,1,1.00
169,49035_0031_00007,49035_0031_00007,true,1,1.00
170,49035_0031_00001,49035_0031_00001,true,1,1.00
171,49035_0004_00008_bis,49035_0004_00008_bis,true,1,1.00
172,,49035_0190_00012,,2,0.50
173,49035_0121_00005,49035_0121_00005,true,1,1.00
174,49035_0190_00004,49035_0190_00004,true,1,1.00
175,49035_0121_00004,49035_0121_00004,true,1,1.00
176,49035_0109_00023,49035_0109_00023,true,1,1.00
177,49035_0076_00008,49035_0076_00008,true,1,1.00
178,49035_0109_00024,49035_0109_00024,true,1,1.00
179,49035_0210_00073,49035_0210_00073,true,1,1.00
18,49035_0081_00001,49035_0081_00001,true,1,1.00
180,49035_0205_00006,49035_0205_00006,true,1,1.00
181,49035_0120_00026,49035_0120_00026,true,1,1.00
182,49035_0104_00004,49035_0104_00004,true,1,1.00
183,49035_chwmm8_00005,49035_chwmm8_00005,true,1,1.00
184,49035_b559_00001_qua,49035_b559_00001_ter,false,1,1.00
185,49035_0105_00011,49035_0105_00011,true,1,1.00
186,49035_b559_00001_bis,49035_b559_00001_bis,true,1,1.00
187,49035_0105_00003,49035_0105_00003,true,1,1.00
188,49035_0061_00006,49035_0061_00006,true,1,1.00
189,49035_0061_00010,49035_0061_00010,true,1,1.00
19,49035_0193_00019,49035_0193_00019,true,1,1.00
190,49035_0054_00002,49035_0054_00002,true,1,1.00
191,49035_0061_00018,49035_0061_00018,true,1,1.00
192,49035_b559_00004,49035_b559_00004,true,1,1.00
193,49035_0108_00002,49035_0108_00002,true,1,1.00
194,49035_b559_00004_bis,49035_b559_00004_bis,true,1,1.00
195,49035_0073_00018,49035_0073_00018,true,1,1.00
196,49035_0073_00010,49035_0073_00010,true,1,1.00
197,49035_0108_00003,49035_0108_00003,true,1,1.00
198,49035_0073_00003,49035_0073_00003,true,1,1.00
199,49035_0047_00006,49035_0047_00006,true,1,1.00
2,49035_0096_00045,49035_0096_00045,true,1,1.00
20,49035_0081_00020,49035_0081_00020,true,1,1.00
200,49035_0109_00013,49035_0109_00013,true,1,1.00
201,49035_0109_00020,49035_0109_00020,true,1,1.00
202,49035_0047_00005,49035_0047_00005,true,1,1.00
203,49035_0109_00016,49035_0109_00016,true,1,1.00
204,49035_0109_00014,49035_0109_00014,true,1,1.00
205,49035_0109_00009,49035_0109_00009,true,1,1.00
206,49035_0109_00012,49035_0109_00012,true,1,1.00
207,49035_0109_00005_bis,49035_0109_00005_bis,true,1,1.00
208,49035_0109_00003,49035_0109_00003,true,1,1.00
209,49035_0109_00001_qua,49035_0109_00001_qua,true,1,1.00
21,49035_0022_00007,49035_0022_00007,true,1,1.00
210,49035_0109_00001_bis,49035_0109_00001_bis,true,1,1.00
211,49035_0198_00013,49035_0198_00013,true,1,1.00
212,49035_0198_00007,49035_0198_00007,true,1,1.00
213,49035_0060_00002,49035_0060_00002,true,1,1.00
214,49035_0060_00055,49035_0060_00055,true,1,1.00
215,49035_0201_00050,49035_0201_00050,true,1,1.00
216,49035_0201_00029,49035_0201_00029,true,1,1.00
217,49035_0025_00019,49035_0025_00019,true,1,1.00
218,49035_0124_00004,49035_0124_00004,true,1,1.00
219,49035_0080_00064,49035_0080_00064,true,1,1.00
22,49035_0193_00013,49035_0193_00013,true,1,1.00
220,49035_0072_00004,49035_0072_00004,true,1,1.00
221,49035_0072_00008,49035_0072_00008,true,1,1.00
222,49035_0104_00009,49035_0104_00009,true,1,1.00
223,49035_0100_00001_bis,49035_0100_00001_bis,true,1,1.00
224,49035_0038_00059,49035_0038_00059,true,1,1.00
225,49035_0044_00007,49035_0044_00007,true,1,1.00
226,49035_0044_00015,49035_0044_00015,true,1,1.00
227,49035_0080_00039,49035_0080_00039,true,1,1.00
228,49035_0050_00008,49035_0050_00008,true,1,1.00
229,49035_0298_01840,49035_0298_01840,true,1,1.00
23,49035_0081_00026,49035_0081_00026,true,1,1.00
230,49035_0050_00003,49035_0050_00003,true,1,1.00
231,49035_0109_00002,49035_0109_00002,true,1,1.00
232,49035_0098_00022,49035_0098_00022,true,2,1.00
233,49035_0098_00022,49035_0098_00022,true,1,1.00
234,49035_0072_00012,49035_0072_00012,true,1,1.00
235,49035_0051_00009,49035_0051_00009,true,1,1.00
236,49035_0072_00013,49035_0072_00013,true,1,1.00
237,49035_0112_00016,49035_0112_00016,true,1,1.00
238,49035_0095_00013,49035_0095_00013,true,1,1.00
239,49035_0112_00015_bis,49035_0112_00015_bis,true,1,1.00
24,49035_0022_00001,49035_0022_00001,true,1,1.00
240,49035_0112_00015,49035_0112_00015,true,1,1.00
241,49035_0112_00010,49035_0112_00010,true,1,1.00
242,49035_0112_00008_qua,49035_0112_00008_qua,true,1,1.00
243,49035_0005_00007_bis,49035_0005_00007_bis,true,1,1.00
244,49035_0035_00005,49035_0035_00005,true,1,1.00
25,49035_0020_00008,49035_0020_00008,true,1,1.00
26,49035_0022_00040,49035_0022_00040,true,1,1.00
27,49035_0020_00006,49035_0020_00006,true,1,1.00
28,49035_0209_00004,49035_0209_00004,true,1,1.00
29,49035_0066_00040,49035_0066_00040,true,1,1.00
3,49035_0096_00050,49035_0096_00050,true,1,1.00
30,49035_0071_00034,49035_0071_00034,true,1,1.00
31,49035_0071_00034,49035_0071_00034,true,1,1.00
32,49035_0192_00004,49035_0192_00004,true,1,1.00
34,49035_0056_00038,49035_0056_00038,true,2,1.00
35,49035_0123_00014,49035_0123_00014,true,1,1.00
36,49035_0111_00003,49035_0111_00003,true,1,1.00
37,49035_0111_00006,49035_0111_00006,true,1,1.00
38,49035_0150_00003,49035_0150_00003,true,1,1.00
39,49035_0150_00002,49035_0150_00002,true,1,1.00
4,49035_0109_00001_bis,49035_0109_00001_bis,true,1,1.00
40,49035_0150_00005,49035_0150_00005,true,1,1.00
41,49035_0150_00006,49035_0150_00006,true,1,1.00
42,49035_0093_00022,49035_0093_00022,true,1,1.00
43,49035_0093_00024,49035_0093_00024,true,1,1.00
44,49035_0071_00023,49035_0071_00023,true,1,1.00
45,49035_0111_00009,49035_0111_00009,true,1,1.00
46,49035_0111_00010,49035_0111_00010,true,1,1.00
47,49035_0090_00015,49035_0090_00015,true,1,1.00
48,49035_0106_00010,49035_0106_00010,true,1,1.00
49,49035_0110_00009,49035_0110_00009,true,1,1.00
5,,49035_0203_00006_ter,,2,0.50
50,49035_0110_00034,49035_0110_00034,true,1,1.00
51,49035_0110_00036,49035_0110_00036,true,1,1.00
52,49035_0110_00006,49035_0110_00006,true,1,1.00
54,49035_0019_00031,49035_0019_00031,true,1,1.00
55,49035_0062_00012_bis,49035_0062_00012_bis,true,2,1.00
56,49035_0042_00021,49035_0042_00021,true,1,1.00
57,49035_0106_00002,49035_0106_00002,true,1,1.00
58,49035_0042_00023,49035_0042_00023,true,1,1.00
6,49035_0096_00040,49035_0096_00040,true,1,1.00
60,49035_0074_00002,49035_0074_00002,true,1,1.00
63,49035_0102_00008_bis,49035_0102_00008_bis,true,1,1.00
64,49035_0085_00002_ter,49035_0085_00002_ter,true,1,1.00
65,49035_0126_00001,49035_0126_00001,true,1,1.00
66,49035_0102_00010,49035_0102_00010,true,1,1.00
67,49035_0102_00004,49035_0102_00002,false,1,1.00
68,49035_0085_00002,49035_0085_00002,true,1,1.00
69,49035_0131_00001,49035_0131_00001,true,1,1.00
7,49035_0096_00027,49035_0096_00027,true,1,1.00
70,49035_0146_00001,49035_0146_00001,true,1,1.00
71,49035_0102_00003,49035_0102_00003,true,1,1.00
72,49035_0057_00002,49035_0057_00002,true,1,1.00
73,49035_0185_00019,49035_0185_00019,true,1,1.00
74,49035_0185_00018,49035_0185_00018,true,1,1.00
75,49035_0207_00001,49035_0207_00001,true,1,1.00
76,49035_0207_00007,49035_0207_00007,true,1,1.00
77,49035_0009_00012,49035_0009_00012,true,1,1.00
78,49035_0146_00021,49035_0146_00021,true,1,1.00
79,49035_0084_00004,49035_0084_00004,true,1,1.00
8,49035_0096_00031,49035_0096_00031,true,1,1.00
80,49035_0084_00004,49035_0084_00004,true,1,1.00
81,49035_0146_00018,49035_0146_00018,true,1,1.00
82,49035_0146_00026,49035_0146_00026,true,1,1.00
83,49035_0131_00002,49035_0131_00002,true,1,1.00
84,49035_0131_00003_bis,49035_0131_00003_bis,true,1,1.00
85,49035_0057_00015,49035_0057_00015,true,1,1.00
86,49035_0046_00001,49035_0046_00001,true,1,1.00
87,49035_0065_00002,49035_0065_00002,true,1,1.00
88,49035_0131_00020,49035_0131_00020,true,1,1.00
9,49035_0096_00014,49035_0096_00014,true,1,1.00
90,49035_0146_00050,49035_0146_00050,true,1,1.00
91,49035_0116_00043,49035_0116_00043,true,1,1.00
92,49035_0116_00035,49035_0116_00035,true,1,1.00
93,49035_0048_00010_bis,49035_0048_00010_bis,true,1,1.00
94,49035_0048_00010_ter,49035_0048_00010_ter,true,1,1.00
95,49035_0116_00002_bis,49035_0116_00002_bis,true,1,1.00
96,49035_0045_00006_bis,49035_0045_00006_bis,true,1,1.00
97,49035_0045_00008,49035_0045_00008,true,1,1.00
98,49035_0045_00010,49035_0045_00010,true,1,1.00
99,49035_0048_00020,49035_0048_00020,true,1,1.00
