id_detection,decision,n_votes,accord
pisc_001682b595e6,non,2,1.00
pisc_001b8a8f3345,non,2,1.00
pisc_00495b9c471f,non,2,1.00
pisc_0050b6e84d71,non,2,1.00
pisc_00b83edab930,oui,2,1.00
pisc_00cdc78c8c29,oui,2,1.00
pisc_00e228a4d40b,non,2,1.00
pisc_00e31cbafe56,non,2,1.00
pisc_00f03f82d5e5,non,2,1.00
pisc_01669856687f,oui,2,1.00
pisc_0176a4b71352,incertain,2,0.50
pisc_0188cc2abce9,oui,2,1.00
pisc_027ea3e46058,oui,2,1.00
pisc_0282ae942adf,oui,2,1.00
pisc_033d62da0912,non,2,1.00
pisc_03ad9d39a4b2,non,2,1.00
pisc_03b4e69a4c13,non,2,1.00
pisc_03c171e087ed,non,2,1.00
pisc_0401bd5ca91b,oui,2,1.00
pisc_040c385dbc3e,non,2,1.00
pisc_045151c7053d,non,2,1.00
pisc_055d0d80ee7e,non,2,1.00
pisc_055e9eca05ff,non,2,1.00
pisc_05a3b339302d,oui,2,1.00
pisc_05a8670fb5c1,oui,2,1.00
pisc_05c4e5d81d31,non,2,1.00
pisc_05dbcaee1095,non,2,1.00
pisc_0603d6adbbd9,oui,2,1.00
pisc_068799181a86,non,2,1.00
pisc_06adf90a36a4,non,2,1.00
pisc_06befa30ca8d,non,2,1.00
pisc_06dc5774f198,oui,2,1.00
pisc_0706818402e2,non,2,1.00
pisc_074871cd7639,oui,2,1.00
pisc_076cee5e0b12,non,2,1.00
pisc_07a5ebbccdb0,non,2,1.00
pisc_080136a7f107,oui,2,1.00
pisc_080bb5903246,non,2,1.00
pisc_086e1546ce0d,non,2,1.00
pisc_088583c8d7f0,non,2,1.00
pisc_08ca5c45d3a9,oui,2,1.00
pisc_093b6abc3c92,non,2,1.00
pisc_0947f3c14188,non,2,1.00
pisc_096db46d492d,non,2,1.00
pisc_0a1528c0be5e,oui,2,1.00
pisc_0a328d597c13,non,2,1.00
pisc_0a68a454b53b,non,2,1.00
pisc_0ab6f08d3c3e,non,2,1.00
pisc_0b04cd5b5193,oui,2,1.00
pisc_0b0c01468d90,oui,2,1.00
pisc_0b16eea10274,non,2,1.00
pisc_0ba45ea36fea,non,2,1.00
pisc_0bb1998138ca,oui,2,1.00
pisc_0c33d83f29b1,non,2,1.00
pisc_0c6323f795e4,non,2,1.00
pisc_0c6ffed0ade7,incertain,2,0.50
pisc_0cc21c510205,oui,2,1.00
pisc_0ce4172945c3,non,2,1.00
pisc_0d4a12767643,non,2,1.00
pisc_0de2ea3c3b2f,non,2,1.00
pisc_0e0d8462c149,incertain,2,0.50
pisc_0e7113a5459e,oui,2,1.00
pisc_0ef58a570b9b,non,2,1.00
pisc_0f07eee0161a,non,2,1.00
pisc_0f4763cea3fe,oui,2,1.00
pisc_0f65442c01a2,non,2,1.00
pisc_0f6ccdcafc72,non,2,1.00
pisc_108e9537cee1,oui,2,1.00
pisc_11021943be2f,non,2,1.00
pisc_111f87ea2436,oui,2,1.00
pisc_117730a877d4,non,2,1.00
pisc_1188cf5b56a0,oui,2,1.00
pisc_1189c67d7c70,non,2,1.00
pisc_11963f3a6234,oui,2,1.00
pisc_11b28bd11aba,non,2,1.00
pisc_120f572410d5,oui,2,1.00
pisc_122a24f30ce5,non,2,1.00
pisc_12b36835a6e5,oui,2,1.00
pisc_12b683953213,oui,2,1.00
pisc_12d59df74444,non,2,1.00
pisc_12d9454c9c97,non,2,1.00
pisc_13289734b53d,non,2,1.00
pisc_13720776f6e1,oui,2,1.00
pisc_139d89aca353,non,2,1.00
pisc_13a258398207,non,2,1.00
pisc_1462286d41f4,non,2,1.00
pisc_149503742b37,oui,2,1.00
pisc_14b32702d76b,non,2,1.00
pisc_150744fb9cbc,non,2,1.00
pisc_155fe5b161ea,non,2,1.00
pisc_1589dc299333,non,2,1.00
pisc_15b721e7b0cc,non,2,1.00
pisc_15bcddeaeb1a,non,2,1.00
pisc_15bf6efe9820,non,2,1.00
pisc_1605276b84c7,non,2,1.00
pisc_1668b3213220,non,2,1.00
pisc_167597910f30,non,2,1.00
pisc_1692ca358d36,non,2,1.00
pisc_16fbf9e34c4c,non,2,1.00
pisc_17605baf1c20,non,2,1.00
pisc_1795b00820f1,non,2,1.00
pisc_17b199e5287c,non,2,1.00
pisc_1879289b5a8a,oui,2,1.00
pisc_187d3e46602c,non,2,1.00
pisc_18ac6c630629,oui,2,1.00
pisc_18e2b36d32ca,non,2,1.00
pisc_18eff31ab9a8,non,2,1.00
pisc_19685dcfd936,non,2,1.00
pisc_19b4c13ed45a,oui,2,1.00
pisc_19bf300250fb,non,2,1.00
pisc_19cf3ea8fdf6,non,2,1.00
pisc_1a078f7485ee,oui,2,1.00
pisc_1a37b8a3d764,non,2,1.00
pisc_1a4a5cf18886,non,2,1.00
pisc_1a6369f11ab3,non,2,1.00
pisc_1a636f198ede,non,2,1.00
pisc_1abc17a08ff5,non,2,1.00
pisc_1ae7576ac9cf,oui,2,1.00
pisc_1b18f2b17cd9,oui,2,1.00
pisc_1b2159f33dcf,non,2,1.00
pisc_1bbb97ee8ef5,oui,2,1.00
pisc_1bc0c905a51f,non,2,1.00
pisc_1c48a1eef76b,oui,2,1.00
pisc_1c71fb3efe41,non,2,1.00
pisc_1de3eaf2aea0,non,2,1.00
pisc_1de68fa31736,non,2,1.00
pisc_1e0785ea5090,non,2,1.00
pisc_1e57032e489d,non,2,1.00
pisc_1ea7764af69a,non,2,1.00
pisc_1eacdfde2dfe,non,2,1.00
pisc_1f2a728f8aa4,non,2,1.00
pisc_1f3aeda4d45f,non,2,1.00
pisc_1f5aba962cb3,oui,2,1.00
pisc_1fa5dafaaf95,non,2,1.00
pisc_1fc1a2638de7,non,2,1.00
pisc_1fe067d21a6c,oui,2,1.00
pisc_207a0881698d,non,2,1.00
pisc_20bb215d6b6b,non,2,1.00
pisc_20bc2a524e0a,oui,2,1.00
pisc_20ddca87d39a,non,2,1.00
pisc_2105bc6abc38,non,2,1.00
pisc_21bb8a304050,non,2,1.00
pisc_21d28ad08bfd,non,2,1.00
pisc_2205d858e8b6,non,2,1.00
pisc_2253c6ed86fe,non,2,1.00
pisc_2269aa330595,oui,2,1.00
pisc_22b912dcbc8c,non,2,1.00
pisc_22ebfc7a1b59,non,2,1.00
pisc_231b96319e67,non,2,1.00
pisc_231be304fe59,non,2,1.00
pisc_232dc3103457,non,2,1.00
pisc_234014be36b1,non,2,1.00
pisc_2352eff9b934,oui,2,1.00
pisc_2380dd6dcc68,non,2,1.00
pisc_23fd12fad034,non,2,1.00
pisc_246039fde1a4,non,2,1.00
pisc_246f2262d281,non,2,1.00
pisc_247cc37d3c9a,non,2,1.00
pisc_247d2ba19d54,oui,2,1.00
pisc_24c2466ae073,non,2,1.00
pisc_24e33498f093,oui,2,1.00
pisc_25131737d218,non,2,1.00
pisc_255cad3e54f9,oui,2,1.00
pisc_2568cd1e0f87,non,2,1.00
pisc_256e1915f89e,non,2,1.00
pisc_2582e62188c9,non,2,1.00
pisc_262f9560f0da,oui,2,1.00
pisc_2657327fbc5e,non,2,1.00
pisc_26b2be4e1746,non,2,1.00
pisc_26bc01e5ee6b,non,2,1.00
pisc_27f439a5c503,non,2,1.00
pisc_284dcb0f4afd,non,2,1.00
pisc_287aeb126929,oui,2,1.00
pisc_287cd1c3c0fb,oui,2,1.00
pisc_288377439310,non,2,1.00
pisc_28a663825258,oui,2,1.00
pisc_28cc24c43a7d,non,2,1.00
pisc_28f327b3094a,non,2,1.00
pisc_29dd20ad7647,non,2,1.00
pisc_29ffc53e18be,non,2,1.00
pisc_2a2f3a168450,oui,2,1.00
pisc_2a32f65e91a6,non,2,1.00
pisc_2aea73c38d5a,non,2,1.00
pisc_2b1c0aeea420,non,2,1.00
pisc_2b2ff9a591da,non,2,1.00
pisc_2b5548ada4f6,oui,2,1.00
pisc_2b9f3058dc06,oui,2,1.00
pisc_2ba61c8992df,oui,2,1.00
pisc_2c1f0593402d,non,2,1.00
pisc_2c3cb7e6947d,non,2,1.00
pisc_2c5cdac13eba,non,2,1.00
pisc_2cfd7002f24f,oui,2,1.00
pisc_2cfd7d750712,non,2,1.00
pisc_2d00b5d5683a,non,2,1.00
pisc_2d645a7f0023,non,2,1.00
pisc_2d7a7479e7aa,non,2,1.00
pisc_2dc198d0d81c,oui,2,1.00
pisc_2dc89667c50e,non,2,1.00
pisc_2dfd76ff8b19,non,2,1.00
pisc_2e7178a2a287,non,2,1.00
pisc_2e7c1cc7b7ff,non,2,1.00
pisc_2ebeffdb2659,oui,2,1.00
pisc_2f1cb7380c4a,non,2,1.00
pisc_2f1d8e902987,non,2,1.00
pisc_2f52e1d5aa07,non,2,1.00
pisc_2f62d493c17c,non,2,1.00
pisc_2f741f0bc69a,non,2,1.00
pisc_3010036e470e,non,2,1.00
pisc_301b6a11f426,non,2,1.00
pisc_302acd76078a,oui,2,1.00
pisc_306031401f37,non,2,1.00
pisc_307a2d968fea,incertain,2,0.50
pisc_30ea67de27e7,non,2,1.00
pisc_31058d6e1d73,non,2,1.00
pisc_310eaca96a23,non,2,1.00
pisc_3132381594df,non,2,1.00
pisc_317c90b5439e,oui,2,1.00
pisc_31e2159f42b8,non,2,1.00
pisc_31ef78536a24,incertain,2,0.50
pisc_3223320cd49a,non,2,1.00
pisc_32455e9361b6,non,2,1.00
pisc_3283772b5f0c,incertain,2,0.50
pisc_3361fb1a5835,non,2,1.00
pisc_3430ccfa528a,non,2,1.00
pisc_344b6f1e1b01,non,2,1.00
pisc_34ba58009c83,non,2,1.00
pisc_35046c43b49c,oui,2,1.00
pisc_35057c14039d,non,2,1.00
pisc_354dc4d2f8f5,oui,2,1.00
pisc_35e1396e7ce0,oui,2,1.00
pisc_3638470e2f04,non,2,1.00
pisc_36dec82c7a7d,non,2,1.00
pisc_37552fda7474,non,2,1.00
pisc_375cbfb99a00,oui,2,1.00
pisc_37c684da0130,non,2,1.00
pisc_3840615e6c34,non,2,1.00
pisc_386b96aaa6e4,non,2,1.00
pisc_387da7c79f4b,oui,2,1.00
pisc_38c4217bc2ac,non,2,1.00
pisc_38dc27f1a40b,non,2,1.00
pisc_38ec7cec31ac,non,2,1.00
pisc_3921243368f6,non,2,1.00
pisc_398417852425,non,2,1.00
pisc_3994a1535aab,non,2,1.00
pisc_39c905a5b5b7,non,2,1.00
pisc_3a760560a68d,non,2,1.00
pisc_3a85ed73da4c,non,2,1.00
pisc_3bee871866ab,non,2,1.00
pisc_3bfa0d268abf,oui,2,1.00
pisc_3d1fcd34eb23,non,2,1.00
pisc_3d5ea2534f31,oui,2,1.00
pisc_3d97dcaa7eee,oui,2,1.00
pisc_3dc9a7efdee0,oui,2,1.00
pisc_3e327dbb4ca7,non,2,1.00
pisc_3e8137bed44d,non,2,1.00
pisc_3f7ff0a4e5dc,non,2,1.00
pisc_40374a6b8d2c,oui,2,1.00
pisc_403ff2fee59d,non,2,1.00
pisc_4059d0f5f27e,non,2,1.00
pisc_40b09754453d,non,2,1.00
pisc_40d545de278f,non,2,1.00
pisc_4126769f8412,incertain,2,0.50
pisc_41567143b8ab,non,2,1.00
pisc_41772f76cc80,oui,2,1.00
pisc_42347081b649,non,2,1.00
pisc_427327ac032f,non,2,1.00
pisc_42a932bff6bc,non,2,1.00
pisc_432bbf3d78e0,oui,2,1.00
pisc_434a449e06b0,non,2,1.00
pisc_4384c7c90768,non,2,1.00
pisc_442d0e09a36e,non,2,1.00
pisc_449f838cbead,non,2,1.00
pisc_44b8ce8a04b9,non,2,1.00
pisc_44da3d1eed12,oui,2,1.00
pisc_4565c083835a,non,2,1.00
pisc_467b4ffea2f8,oui,2,1.00
pisc_46d682299efc,non,2,1.00
pisc_4719b77d029c,non,2,1.00
pisc_47508af4ad07,oui,2,1.00
pisc_4776d973b326,non,2,1.00
pisc_47a2e0d55688,oui,2,1.00
pisc_47ddee480ee4,oui,2,1.00
pisc_47f7866722e8,oui,2,1.00
pisc_480584b04323,non,2,1.00
pisc_4904a6240521,oui,2,1.00
pisc_49131b3dfde2,non,2,1.00
pisc_4956384a75fd,non,2,1.00
pisc_497da66fba95,non,2,1.00
pisc_49a6c87a0d97,oui,2,1.00
pisc_49d74de837bb,non,2,1.00
pisc_49de0219c47c,non,2,1.00
pisc_49f39c799ec8,non,2,1.00
pisc_4a24a47ba37d,non,2,1.00
pisc_4a6537c8a8a3,non,2,1.00
pisc_4ba1f1c6f995,incertain,2,0.50
pisc_4bc964963fba,non,2,1.00
pisc_4c3767b66f90,non,2,1.00
pisc_4cf07f209b4f,non,2,1.00
pisc_4d149ee932c7,non,2,1.00
pisc_4d2cc5d27664,oui,2,1.00
pisc_4d391457d20f,oui,2,1.00
pisc_4d55d5084557,non,2,1.00
pisc_4d7bfbb733d1,oui,2,1.00
pisc_4d91e6eb9bc8,non,2,1.00
pisc_4df228efda2d,non,2,1.00
pisc_4df9b4c4b2e9,non,2,1.00
pisc_4e00df258fea,non,2,1.00
pisc_4e10ae22b44b,non,2,1.00
pisc_4f28ac827872,non,2,1.00
pisc_4fddaec12239,non,2,1.00
pisc_4fe8fe69f17e,non,2,1.00
pisc_50018e765679,non,2,1.00
pisc_5024576d0401,non,2,1.00
pisc_5072ad88931f,non,2,1.00
pisc_50a7b8ddf267,non,2,1.00
pisc_50e9c2b093a0,oui,2,1.00
pisc_50ec87590b3f,non,2,1.00
pisc_50f9b1c24904,oui,2,1.00
pisc_5143998a71c0,non,2,1.00
pisc_517fd14d34df,non,2,1.00
pisc_51a973fd7bb3,non,2,1.00
pisc_52192689d3cb,oui,2,1.00
pisc_5231b9dad388,non,2,1.00
pisc_52bf38cc0161,oui,2,1.00
pisc_52ced15dcc6a,non,2,1.00
pisc_52e0e5fffa43,non,2,1.00
pisc_53008d518e61,non,2,1.00
pisc_5356b4cb2280,non,2,1.00
pisc_5362d49d92d9,non,2,1.00
pisc_53e838267a9c,non,2,1.00
pisc_53ff807439d8,non,2,1.00
pisc_5476f85b1a8d,oui,2,1.00
pisc_552a430a691b,non,2,1.00
pisc_553a08264ff9,non,2,1.00
pisc_5556e87bf9bf,oui,2,1.00
pisc_5593772d6bfa,non,2,1.00
pisc_55b010ad8d7e,non,2,1.00
pisc_55e37348a6bb,oui,2,1.00
pisc_55f1527e26c2,non,2,1.00
pisc_55fbc5d45086,non,2,1.00
pisc_564c9779f30d,oui,2,1.00
pisc_566518ef965f,non,2,1.00
pisc_56dcf4a796c2,oui,2,1.00
pisc_56f943b61e7b,non,2,1.00
pisc_57031620b20e,non,2,1.00
pisc_5726539c5d2c,oui,2,1.00
pisc_578c24e2a287,non,2,1.00
pisc_57a67d7547be,non,2,1.00
pisc_57dd67ef6f9d,non,2,1.00
pisc_57faddc1216c,oui,2,1.00
pisc_5806bfbf52cf,non,2,1.00
pisc_580a2d20a614,oui,2,1.00
pisc_580f1ad8e0c9,oui,2,1.00
pisc_58a95bf9bc6d,non,2,1.00
pisc_58cf9ba3809a,non,2,1.00
pisc_58cfe5e4e4d2,non,2,1.00
pisc_59134d5e4ad3,non,2,1.00
pisc_59243eaf777d,non,2,1.00
pisc_593e18816c39,non,2,1.00
pisc_59ac90aba907,non,2,1.00
pisc_59eb92a71131,non,2,1.00
pisc_5a84dadad522,non,2,1.00
pisc_5aa2a6ceeadf,non,2,1.00
pisc_5abcb9626fcb,non,2,1.00
pisc_5b57c10508a9,non,2,1.00
pisc_5ba72751dc92,oui,2,1.00
pisc_5c40fba89e79,non,2,1.00
pisc_5c79431182ee,non,2,1.00
pisc_5cf284efe9b7,non,2,1.00
pisc_5d01bfac0072,oui,2,1.00
pisc_5dca9210c558,non,2,1.00
pisc_5e194de18357,oui,2,1.00
pisc_5eb0ba040984,non,2,1.00
pisc_5f896e841c26,non,2,1.00
pisc_5fa7e9d62aaf,oui,2,1.00
pisc_5fab3e29bc76,oui,2,1.00
pisc_5fbc03eaa560,non,2,1.00
pisc_603c733734c3,non,2,1.00
pisc_6049838728b4,non,2,1.00
pisc_605b8474d7e8,oui,2,1.00
pisc_607025d4dbcb,non,2,1.00
pisc_60c50c131163,oui,2,1.00
pisc_60ed558fc219,oui,2,1.00
pisc_610af2be4fc1,non,2,1.00
pisc_61249f4718e5,non,2,1.00
pisc_617069a63a07,non,2,1.00
pisc_61a94dee6fc2,non,2,1.00
pisc_61fc3fdf4a07,non,2,1.00
pisc_61fffc2d2f55,non,2,1.00
pisc_6222438a03a9,non,2,1.00
pisc_622add51b4e9,non,2,1.00
pisc_628755d20586,non,2,1.00
pisc_6288598d0b69,non,2,1.00
pisc_6296f31d069d,non,2,1.00
pisc_62d30e35cff0,oui,2,1.00
pisc_62e59b4094e9,non,2,1.00
pisc_6307fe6b47bb,non,2,1.00
pisc_63f2423dd7b5,non,2,1.00
pisc_6421350510e1,oui,2,1.00
pisc_6492b0f3434f,non,2,1.00
pisc_64e9985fb799,oui,2,1.00
pisc_65046fca211a,oui,2,1.00
pisc_654127ed2a55,non,2,1.00
pisc_654520bf7ef8,non,2,1.00
pisc_656399d343f1,non,2,1.00
pisc_666edae39ee6,non,2,1.00
pisc_6679901db7d8,non,2,1.00
pisc_66c56215cbec,non,2,1.00
pisc_66c9ee99097b,oui,2,1.00
pisc_671f50d59892,oui,2,1.00
pisc_678b9d4bd2e4,non,2,1.00
pisc_679e36e93d31,non,2,1.00
pisc_67b984778373,non,2,1.00
pisc_688c4ace6f9a,non,2,1.00
pisc_68c05a619dc6,oui,2,1.00
pisc_68cd4bb9f2bc,non,2,1.00
pisc_68f61616a334,non,2,1.00
pisc_697e6f0a310f,oui,2,1.00
pisc_69b805201ec4,incertain,2,0.50
pisc_69ff845c8ada,incertain,2,0.50
pisc_6a01c1821968,non,2,1.00
pisc_6a2701f7f2c5,oui,2,1.00
pisc_6c375342ace3,oui,2,1.00
pisc_6c483d8f582e,non,2,1.00
pisc_6c9b98018b53,non,2,1.00
pisc_6cddd5846e48,oui,2,1.00
pisc_6cebc9831ec2,oui,2,1.00
pisc_6d1bad918c93,non,2,1.00
pisc_6d8ee4b15116,non,2,1.00
pisc_6d9e566fc261,non,2,1.00
pisc_6e3e92924904,non,2,1.00
pisc_6e6971008234,non,2,1.00
pisc_6ea04db1e0dd,non,2,1.00
pisc_6ead75435260,non,2,1.00
pisc_6f3adda0da33,non,2,1.00
pisc_6f4a1d3e0154,oui,2,1.00
pisc_6f4aed042766,non,2,1.00
pisc_7094050b42a5,non,2,1.00
pisc_709aee4c54e3,non,2,1.00
pisc_70b1bb9070d3,oui,2,1.00
pisc_70ccdfb9c6f9,non,2,1.00
pisc_712b2319fd3d,non,2,1.00
pisc_71e983a85bcf,oui,2,1.00
pisc_726fefd5f485,non,2,1.00
pisc_72d340e49368,oui,2,1.00
pisc_72e452066361,oui,2,1.00
pisc_72f3ba161082,non,2,1.00
pisc_72fda5241638,non,2,1.00
pisc_731ebc40eaeb,non,2,1.00
pisc_7345a76dd246,non,2,1.00
pisc_736fc5c2cee1,non,2,1.00
pisc_73a9d7618d92,non,2,1.00
pisc_73feb626f43d,oui,2,1.00
pisc_74039090a997,non,2,1.00
pisc_745ee694d101,oui,2,1.00
pisc_74709f95b8cd,oui,2,1.00
pisc_74bb8a3b8d54,non,2,1.00
pisc_74f204faf94e,non,2,1.00
pisc_750474c74415,non,2,1.00
pisc_754c62eb0c58,non,2,1.00
pisc_75738e6fb90c,non,2,1.00
pisc_75d4d06ca6a2,non,2,1.00
pisc_7705ab4ff991,non,2,1.00
pisc_7746baeb25c3,oui,2,1.00
pisc_776129e1976b,non,2,1.00
pisc_7763a6fa82f8,non,2,1.00
pisc_776c10d7e54c,non,2,1.00
pisc_77beef78879d,non,2,1.00
pisc_77cbf6658f5c,non,2,1.00
pisc_77d197136837,non,2,1.00
pisc_77f6388799a5,non,2,1.00
pisc_7804cdc2ae74,oui,2,1.00
pisc_7808e908cb53,oui,2,1.00
pisc_780dc66ceee9,non,2,1.00
pisc_7830512f1d6a,non,2,1.00
pisc_79192e8c93c3,non,2,1.00
pisc_79db50988e12,oui,2,1.00
pisc_79dc80981686,non,2,1.00
pisc_79e876448eca,non,2,1.00
pisc_7a1b88824a67,non,2,1.00
pisc_7a633c446e61,oui,2,1.00
pisc_7a63cf817816,non,2,1.00
pisc_7a84b078f544,non,2,1.00
pisc_7b109fa858d0,non,2,1.00
pisc_7b484fd50ae6,non,2,1.00
pisc_7b9bfdccb639,non,2,1.00
pisc_7c1c0d588e2a,non,2,1.00
pisc_7c2fb186c1b4,non,2,1.00
pisc_7c606e91c9af,non,2,1.00
pisc_7ce82006d163,non,2,1.00
pisc_7d049cd99e16,non,2,1.00
pisc_7dbeeefc6f61,non,2,1.00
pisc_7e19e42e690c,non,2,1.00
pisc_7ea7092c8543,non,2,1.00
pisc_7eeedd08e3cf,non,2,1.00
pisc_7f715c856b1d,non,2,1.00
pisc_7fb65783a753,oui,2,1.00
pisc_7fe52bd2ba7d,oui,2,1.00
pisc_8172dc5f7018,oui,2,1.00
pisc_81a00b1abfaf,non,2,1.00
pisc_81f1fe58bca0,oui,2,1.00
pisc_81f2b68ab26e,oui,2,1.00
pisc_825ba4aea06f,non,2,1.00
pisc_828487288aa0,non,2,1.00
pisc_82d8d3c37bd0,oui,2,1.00
pisc_82ea6e68b62b,non,2,1.00
pisc_8374c53a39a6,non,2,1.00
pisc_8391483016a7,non,2,1.00
pisc_83c27b4818ab,non,2,1.00
pisc_83d374ba6003,non,2,1.00
pisc_83e7225ab645,non,2,1.00
pisc_83fd044c2b80,non,2,1.00
pisc_8485cbbe0319,non,2,1.00
pisc_84ead75966bd,non,2,1.00
pisc_8508211b9f17,non,2,1.00
pisc_850b34a6adfd,oui,2,1.00
pisc_850ecb159ebe,non,2,1.00
pisc_851dbc64c75a,non,2,1.00
pisc_8615d5ab4506,non,2,1.00
pisc_86229042a6ea,non,2,1.00
pisc_86430464239e,oui,2,1.00
pisc_873887c4a36b,non,2,1.00
pisc_873a76c609aa,non,2,1.00
pisc_87739c1b2e10,non,2,1.00
pisc_886c9f6155d6,non,2,1.00
pisc_8880fc72200d,non,2,1.00
pisc_88b73bdf0901,non,2,1.00
pisc_88c04d681790,non,2,1.00
pisc_8962b41bdca3,oui,2,1.00
pisc_89f887c39e13,oui,2,1.00
pisc_8accfb470c4f,oui,2,1.00
pisc_8af536e43d55,oui,2,1.00
pisc_8b138b084ed9,non,2,1.00
pisc_8b230d6155c3,non,2,1.00
pisc_8b2e16d52259,non,2,1.00
pisc_8b3d96bee520,non,2,1.00
pisc_8b5c75006038,non,2,1.00
pisc_8b77bfa0b3af,non,2,1.00
pisc_8bdbe118eda4,non,2,1.00
pisc_8bef9e09bd96,oui,2,1.00
pisc_8c40678dab1b,oui,2,1.00
pisc_8c4c0725e666,oui,2,1.00
pisc_8c7aa46424e0,oui,2,1.00
pisc_8ca690a5ac1f,oui,2,1.00
pisc_8d066b778ccb,non,2,1.00
pisc_8d31b8d066af,oui,2,1.00
pisc_8d72669d3999,non,2,1.00
pisc_8d78227af7fb,non,2,1.00
pisc_8dd9a6406620,non,2,1.00
pisc_8ddd7854f021,non,2,1.00
pisc_8df9aa824822,non,2,1.00
pisc_8e1f7ddca9f8,non,2,1.00
pisc_8e69c295dff2,non,2,1.00
pisc_8ea096e31ec2,non,2,1.00
pisc_8fb9a64a79b0,non,2,1.00
pisc_8fd6bdcb4fac,non,2,1.00
pisc_90ac04aadb07,oui,2,1.00
pisc_90e82f5902fd,oui,2,1.00
pisc_910e03019bf8,non,2,1.00
pisc_917755f9c960,oui,2,1.00
pisc_924c1b32f408,non,2,1.00
pisc_92675f7e514d,non,2,1.00
pisc_9291b0c0e12f,oui,2,1.00
pisc_92b33c19ade6,oui,2,1.00
pisc_9316f7dad9b4,oui,2,1.00
pisc_931735349d5f,non,2,1.00
pisc_9317cbd306ae,non,2,1.00
pisc_9346e5834bd7,non,2,1.00
pisc_934e56a8f1a4,non,2,1.00
pisc_9351059bf5ee,non,2,1.00
pisc_935a82b54d43,non,2,1.00
pisc_936fc22fb16a,oui,2,1.00
pisc_937484e62c91,non,2,1.00
pisc_93b2f0d777f5,non,2,1.00
pisc_93c118bcf3c2,non,2,1.00
pisc_941fa2dd604d,non,2,1.00
pisc_944b680df418,non,2,1.00
pisc_94a15f17d088,oui,2,1.00
pisc_94e9a3cf9123,non,2,1.00
pisc_950482a609cc,non,2,1.00
pisc_951bc0bce56c,oui,2,1.00
pisc_95bf114ca41d,non,2,1.00
pisc_96394c4e16cc,non,2,1.00
pisc_964813b66ec0,oui,2,1.00
pisc_965ed268e553,oui,2,1.00
pisc_96749ab09b42,non,2,1.00
pisc_9696438df148,non,2,1.00
pisc_96e5aa865749,non,2,1.00
pisc_97156807d382,non,2,1.00
pisc_974bac925797,non,2,1.00
pisc_97c81fee0a23,non,2,1.00
pisc_97cab1466c5a,oui,2,1.00
pisc_97d62c954c09,non,2,1.00
pisc_97d7dfc1d7e4,non,2,1.00
pisc_97e16cbd7a9e,non,2,1.00
pisc_97e24bc03840,non,2,1.00
pisc_97e32d976a14,oui,2,1.00
pisc_97fa6c497948,non,2,1.00
pisc_98189576f580,non,2,1.00
pisc_982ef16d7eab,non,2,1.00
pisc_988dac7862ed,non,2,1.00
pisc_98defba6f8ae,non,2,1.00
pisc_9935ee253eeb,non,2,1.00
pisc_99fcfa0b057b,non,2,1.00
pisc_9a0dc38354af,oui,2,1.00
pisc_9a428b69276d,non,2,1.00
pisc_9a5e74c03efa,oui,2,1.00
pisc_9a775741732e,non,2,1.00
pisc_9b4a0ef34784,non,2,1.00
pisc_9b4bbf675fbc,non,2,1.00
pisc_9b5c0214459e,non,2,1.00
pisc_9b8b8b20a2ff,non,2,1.00
pisc_9b9ad89af0b1,non,2,1.00
pisc_9c796c02c017,non,2,1.00
pisc_9d024cadada7,non,2,1.00
pisc_9d3997204e82,non,2,1.00
pisc_9d5e03ff4b6a,non,2,1.00
pisc_9d976f8328fc,incertain,2,0.50
pisc_9e012437a7a7,non,2,1.00
pisc_9e68b012af95,oui,2,1.00
pisc_9e80c4d74272,non,2,1.00
pisc_9ec72b2f539f,oui,2,1.00
pisc_9ecbd736780b,non,2,1.00
pisc_9ed814c71bfd,non,2,1.00
pisc_9f2fa4c27960,oui,2,1.00
pisc_9f324bfaa06c,oui,2,1.00
pisc_9f571cda6ef8,non,2,1.00
pisc_9f6ef759e2b3,non,2,1.00
pisc_9fa457e62252,non,2,1.00
pisc_9fc99fbf52d6,non,2,1.00
pisc_a066675308f0,oui,2,1.00
pisc_a0df692aadce,non,2,1.00
pisc_a132c56cc466,oui,2,1.00
pisc_a21023761c91,oui,2,1.00
pisc_a22ddca155ee,non,2,1.00
pisc_a23c9de39b8d,non,2,1.00
pisc_a2744ceaed6f,non,2,1.00
pisc_a275abf89789,oui,2,1.00
pisc_a2e699350e04,non,2,1.00
pisc_a32497893569,non,2,1.00
pisc_a3c82730ba93,oui,2,1.00
pisc_a3c99f2beea7,non,2,1.00
pisc_a4a8deaff13a,non,2,1.00
pisc_a4c406a06742,non,2,1.00
pisc_a52206552ccf,non,2,1.00
pisc_a52bb9f411ca,non,2,1.00
pisc_a553c707d0af,non,2,1.00
pisc_a576af759534,non,2,1.00
pisc_a57ad94b66c8,non,2,1.00
pisc_a57b06ba3343,non,2,1.00
pisc_a581ff1afc92,non,2,1.00
pisc_a587b03b620e,non,2,1.00
pisc_a589288b2ffd,non,2,1.00
pisc_a5c45c6d173e,oui,2,1.00
pisc_a60f550f1f95,non,2,1.00
pisc_a6ebb337c43c,non,2,1.00
pisc_a7019c3cec97,non,2,1.00
pisc_a75d17cbf831,non,2,1.00
pisc_a7c7f52a3b19,non,2,1.00
pisc_a7d4793a7714,non,2,1.00
pisc_a83d3ada71ac,non,2,1.00
pisc_a85542f18aa7,non,2,1.00
pisc_a874ad95b138,non,2,1.00
pisc_a8bd77720cf7,oui,2,1.00
pisc_a9140af50ef1,oui,2,1.00
pisc_a960ace42822,non,2,1.00
pisc_a9f019c16ad9,oui,2,1.00
pisc_aa6dfe193ded,non,2,1.00
pisc_aa73ff0c7b5b,non,2,1.00
pisc_abd3a91d4072,oui,2,1.00
pisc_ac121ef0fae8,non,2,1.00
pisc_ac440cd95a55,non,2,1.00
pisc_ac4e04e97d35,non,2,1.00
pisc_ac5ffaccb4e0,oui,2,1.00
pisc_ac93b2ae0802,non,2,1.00
pisc_acb247446b51,non,2,1.00
pisc_ad1f0d54b73b,non,2,1.00
pisc_add44f1f9a83,oui,2,1.00
pisc_af36bd7f9b98,non,2,1.00
pisc_af77698e53e8,non,2,1.00
pisc_b054120a77b3,non,2,1.00
pisc_b054a953422c,non,2,1.00
pisc_b09813f2e6de,non,2,1.00
pisc_b0a23e78dee3,non,2,1.00
pisc_b0b48004a130,non,2,1.00
pisc_b1170216998d,oui,2,1.00
pisc_b15110cc242c,non,2,1.00
pisc_b1718467df74,non,2,1.00
pisc_b21440276bc9,non,2,1.00
pisc_b23291f709b5,non,2,1.00
pisc_b2836a8a9f0b,non,2,1.00
pisc_b2a4f7f0fbf6,oui,2,1.00
pisc_b2b71baba9b2,non,2,1.00
pisc_b2bc2dbc3130,oui,2,1.00
pisc_b33096d40765,non,2,1.00
pisc_b3d194bb1a04,non,2,1.00
pisc_b3dfc50c7f3f,non,2,1.00
pisc_b3e8f13e3dc0,oui,2,1.00
pisc_b3f1b2fd6a46,non,2,1.00
pisc_b44ba93c19f5,non,2,1.00
pisc_b45b2dc2c2a8,oui,2,1.00
pisc_b4cc8f2218a8,non,2,1.00
pisc_b4d12ed2e58e,non,2,1.00
pisc_b4e37f964bac,non,2,1.00
pisc_b4e55562a111,oui,2,1.00
pisc_b507e8f84a86,non,2,1.00
pisc_b55822654509,non,2,1.00
pisc_b66455bf5bea,non,2,1.00
pisc_b6a178a8dbf2,non,2,1.00
pisc_b7001e75a5ad,non,2,1.00
pisc_b7b6f8c754f9,non,2,1.00
pisc_b89e3e7cea4e,non,2,1.00
pisc_b8abc3b9eb94,oui,2,1.00
pisc_b901d6ffee59,oui,2,1.00
pisc_b914e2fdc290,non,2,1.00
pisc_b941867ee89a,non,2,1.00
pisc_b95bbab342dc,non,2,1.00
pisc_b988558d46f8,non,2,1.00
pisc_b9a0e0613f51,non,2,1.00
pisc_b9a6b0edbdb5,non,2,1.00
pisc_b9fad02f73b4,non,2,1.00
pisc_ba89fbcc3e3e,non,2,1.00
pisc_baad0ef59ac9,non,2,1.00
pisc_bab85b93641e,non,2,1.00
pisc_badd18f05ba7,oui,2,1.00
pisc_baf7a6f05547,non,2,1.00
pisc_bafa291f02c6,incertain,2,0.50
pisc_bb14d21d9157,non,2,1.00
pisc_bb2a0b7a97e9,non,2,1.00
pisc_bb4a80a20794,non,2,1.00
pisc_bb8c8f1ee668,non,2,1.00
pisc_bbef1d5a5ac5,non,2,1.00
pisc_bca45a1c1b4a,oui,2,1.00
pisc_bcd15a3de3ad,non,2,1.00
pisc_bdab10ebdfac,oui,2,1.00
pisc_bdd1cf7bf521,non,2,1.00
pisc_be499d16c9f4,oui,2,1.00
pisc_be5705864f33,oui,2,1.00
pisc_bffa3e7281e7,oui,2,1.00
pisc_c0b1ab2acc9f,non,2,1.00
pisc_c0c9d980c102,non,2,1.00
pisc_c136228b562c,non,2,1.00
pisc_c19d815af99e,non,2,1.00
pisc_c1c3fa7046ac,non,2,1.00
pisc_c221ae903a82,non,2,1.00
pisc_c23d01d2d891,non,2,1.00
pisc_c23ff2d5d367,non,2,1.00
pisc_c386ca04c840,non,2,1.00
pisc_c420313a2e6a,non,2,1.00
pisc_c42a23ece5b3,non,2,1.00
pisc_c442279b8599,non,2,1.00
pisc_c47f30300caa,non,2,1.00
pisc_c4972602e3ca,oui,2,1.00
pisc_c4c5e0711240,non,2,1.00
pisc_c55ac8ecefd3,non,2,1.00
pisc_c5a710c19139,non,2,1.00
pisc_c5b86ade06a9,non,2,1.00
pisc_c6256c6b6f1f,non,2,1.00
pisc_c67afe174801,non,2,1.00
pisc_c6987ebad38c,non,2,1.00
pisc_c7512a36024b,non,2,1.00
pisc_c75ac566866b,non,2,1.00
pisc_c777990886f1,non,2,1.00
pisc_c77e47f91d95,non,2,1.00
pisc_c78f39ce2c9a,non,2,1.00
pisc_c7bc9dbcf7fc,non,2,1.00
pisc_c7e248a554e5,non,2,1.00
pisc_c7f0ce95000d,non,2,1.00
pisc_c7fd68bfee3d,non,2,1.00
pisc_c8233951bbe2,non,2,1.00
pisc_c85db82805c3,non,2,1.00
pisc_c94ed5e5067f,non,2,1.00
pisc_c963ed2b345e,non,2,1.00
pisc_c98b9e18a160,non,2,1.00
pisc_c9906587eaff,non,2,1.00
pisc_c9ba888219c4,oui,2,1.00
pisc_c9e604d199b9,non,2,1.00
pisc_ca0a214603b9,non,2,1.00
pisc_ca4288ca2d35,non,2,1.00
pisc_ca93cbac96af,non,2,1.00
pisc_caa812853b7b,oui,2,1.00
pisc_cb1922993865,non,2,1.00
pisc_cb4509109f40,non,2,1.00
pisc_cba4b7a4caf7,non,2,1.00
pisc_cbd1b031bcc9,non,2,1.00
pisc_cbda979077d5,non,2,1.00
pisc_ccbd66ca680e,non,2,1.00
pisc_ccff35777bba,oui,2,1.00
pisc_cd2b009d5c6e,non,2,1.00
pisc_cdde3cf65e92,oui,2,1.00
pisc_cdf1661a5aea,non,2,1.00
pisc_ce2fc1f6cb8e,non,2,1.00
pisc_ce68eef4f5a4,oui,2,1.00
pisc_cef325fda5af,non,2,1.00
pisc_cf64c6a2e5b3,oui,2,1.00
pisc_cfc832d3ecc5,non,2,1.00
pisc_d0126600ace1,oui,2,1.00
pisc_d054a0e15bbf,non,2,1.00
pisc_d0ad99fde05a,non,2,1.00
pisc_d0ba6c0412cd,non,2,1.00
pisc_d0e5d9e80e1c,non,2,1.00
pisc_d0f2ebd62a6b,oui,2,1.00
pisc_d148dbc1d313,oui,2,1.00
pisc_d19de93fe535,non,2,1.00
pisc_d1bb35ec6da7,non,2,1.00
pisc_d1cd2b11bdb6,oui,2,1.00
pisc_d20d98b3cddd,non,2,1.00
pisc_d22de1ec1c30,non,2,1.00
pisc_d2d0a5f93a94,non,2,1.00
pisc_d3113c7c28c5,non,2,1.00
pisc_d3b08e27e1cd,non,2,1.00
pisc_d3b346b315af,oui,2,1.00
pisc_d3cd249aee14,oui,2,1.00
pisc_d46f381fa561,oui,2,1.00
pisc_d4f2880b11b1,non,2,1.00
pisc_d521ccaddf5c,non,2,1.00
pisc_d58479d699ac,non,2,1.00
pisc_d6a1fded8b94,non,2,1.00
pisc_d71909d5b8e4,non,2,1.00
pisc_d813db76e8fd,non,2,1.00
pisc_d89a2e9d8dd2,non,2,1.00
pisc_d8a1c2311f88,non,2,1.00
pisc_d8b649b6ea01,non,2,1.00
pisc_d8e23627eb26,oui,2,1.00
pisc_d8f84dd09421,non,2,1.00
pisc_d98b32f4d34d,oui,2,1.00
pisc_d9a8e6decbf2,non,2,1.00
pisc_d9c010e31f62,non,2,1.00
pisc_da31ce7aef90,non,2,1.00
pisc_da4b917a7922,oui,2,1.00
pisc_dadcebd85edb,non,2,1.00
pisc_db09aa78af07,non,2,1.00
pisc_db626f2257c3,oui,2,1.00
pisc_dbe1a7adfed0,non,2,1.00
pisc_dbef6fae9964,oui,2,1.00
pisc_dc23413a9c88,oui,2,1.00
pisc_dc4cea212d34,non,2,1.00
pisc_dc81cf64c0e8,non,2,1.00
pisc_dcb3c5850692,non,2,1.00
pisc_dce8a316b0d6,oui,3,1.00
pisc_dcf14ce24127,non,2,1.00
pisc_dd19090e5e4d,non,2,1.00
pisc_dd4c05cf1da6,non,2,1.00
pisc_dd5e9a4e0c41,non,2,1.00
pisc_dd9384dd0445,non,2,1.00
pisc_dde5344799e5,oui,2,1.00
pisc_defce9bf3ec4,non,2,1.00
pisc_df22c92e2056,non,2,1.00
pisc_df580b64ed52,non,2,1.00
pisc_df778a3f6a3d,non,2,1.00
pisc_df86a0eaeeb4,non,2,1.00
pisc_dfa0ba1cf48f,non,2,1.00
pisc_dfebc9e472d3,non,2,1.00
pisc_e0054f2e2a02,non,2,1.00
pisc_e023bcd202d8,non,2,1.00
pisc_e08751e0bb23,non,2,1.00
pisc_e0ae07a97ba8,oui,2,1.00
pisc_e0b21351a1fe,non,2,1.00
pisc_e0fa749cb288,non,2,1.00
pisc_e136be83be85,non,2,1.00
pisc_e1391d816021,non,2,1.00
pisc_e14434e5316f,non,2,1.00
pisc_e1bf67af47b5,non,2,1.00
pisc_e207e7215fe8,non,2,1.00
pisc_e215c83b8d3a,oui,2,1.00
pisc_e21a2583542d,non,2,1.00
pisc_e28f8c546cda,non,2,1.00
pisc_e364c8d2376f,non,2,1.00
pisc_e36b69a4a99d,non,2,1.00
pisc_e3d301fa5898,oui,2,1.00
pisc_e3e535dd4db4,non,2,1.00
pisc_e465dfa16f71,non,2,1.00
pisc_e49dc811c44c,oui,2,1.00
pisc_e4e9d5a7279a,oui,2,1.00
pisc_e501aedee5f6,oui,2,1.00
pisc_e502a1adf6ee,oui,2,1.00
pisc_e51bcc8b0316,non,2,1.00
pisc_e55b6a1e5032,oui,2,1.00
pisc_e5b1ec4982a8,non,2,1.00
pisc_e5f2d326dc9c,non,2,1.00
pisc_e614160930e0,non,2,1.00
pisc_e6b8e6956137,non,2,1.00
pisc_e6c773962142,non,2,1.00
pisc_e6d02ffd6386,non,2,1.00
pisc_e702aa6fb3a2,non,2,1.00
pisc_e774f846b68c,non,2,1.00
pisc_e79d0f9e730b,non,2,1.00
pisc_e7e5757511ce,non,2,1.00
pisc_e846bd348b73,oui,2,1.00
pisc_e847a56f2891,non,2,1.00
pisc_e84e8a3f00c0,oui,2,1.00
pisc_e863ca300a24,non,2,1.00
pisc_e88ee1e23f75,non,2,1.00
pisc_e89670aa1288,non,2,1.00
pisc_e8a32763528e,non,2,1.00
pisc_e8c4c39635e7,non,2,1.00
pisc_e8c96503cf3a,non,2,1.00
pisc_e8f700c1193b,oui,2,1.00
pisc_e91d490ac614,non,2,1.00
pisc_e91f0d47f975,non,2,1.00
pisc_e9d7d66184eb,non,2,1.00
pisc_ea02874307c3,non,2,1.00
pisc_ea54fe8fc11c,non,2,1.00
pisc_ea697ff83315,non,2,1.00
pisc_ea6f09480a11,non,2,1.00
pisc_ea948a983d10,non,2,1.00
pisc_ea95e827e114,non,2,1.00
pisc_ea986fb9acce,non,2,1.00
pisc_eaa55628bb3a,non,2,1.00
pisc_eab640c58dda,non,2,1.00
pisc_eace69c9250f,non,2,1.00
pisc_eb8220bee8b1,non,2,1.00
pisc_ebaf90a8b2b3,non,2,1.00
pisc_ebdfba8ef7d9,non,2,1.00
pisc_ebf3bca84cfd,non,2,1.00
pisc_ec28599006f1,non,2,1.00
pisc_ecc74acf0d57,oui,2,1.00
pisc_ece0a59e0397,non,2,1.00
pisc_ed2bc3bee18a,oui,2,1.00
pisc_edd4b2c6bbf1,non,2,1.00
pisc_ede06221b436,non,2,1.00
pisc_ede16e3b5449,non,2,1.00
pisc_ee4cb2d56d8c,non,2,1.00
pisc_eeb3fce3357a,oui,2,1.00
pisc_eed5ed943a92,non,2,1.00
pisc_eee59b97300c,oui,2,1.00
pisc_eeffd5fd4c7f,non,2,1.00
pisc_ef0dc809c308,non,2,1.00
pisc_efbad18625db,oui,2,1.00
pisc_f03880695ac4,non,2,1.00
pisc_f1d94ce8f9f6,non,2,1.00
pisc_f23c64f7f753,non,2,1.00
pisc_f253229505e5,non,2,1.00
pisc_f2678e0e58db,non,2,1.00
pisc_f271896c441a,oui,2,1.00
pisc_f28a73144af4,non,2,1.00
pisc_f31e7270b926,oui,2,1.00
pisc_f357c4230a25,non,2,1.00
pisc_f3b3d3df9051,oui,2,1.00
pisc_f3c0969af1b9,non,2,1.00
pisc_f3e4dd89dc55,non,2,1.00
pisc_f42ae7092e24,non,2,1.00
pisc_f4aeb2683f55,oui,2,1.00
pisc_f5331bfaaa05,oui,2,1.00
pisc_f5419ece30a6,non,2,1.00
pisc_f5b25b4bebb2,oui,2,1.00
pisc_f5b38d750748,non,2,1.00
pisc_f5df5887bb6d,non,2,1.00
pisc_f61f030b3a20,non,2,1.00
pisc_f71c2a0962c2,non,2,1.00
pisc_f7bc91db7aca,non,2,1.00
pisc_f80c2bf4ec7c,non,2,1.00
pisc_f82a66426d3a,non,2,1.00
pisc_f85014bdf6fa,non,2,1.00
pisc_f85a9c7ea585,non,2,1.00
pisc_f8830a133a03,non,2,1.00
pisc_f94352b7d494,non,2,1.00
pisc_f98980815cb4,non,2,1.00
pisc_f98bf74ed352,non,2,1.00
pisc_fa51a4ee2b0a,non,2,1.00
pisc_fa7b575b328f,non,2,1.00
pisc_fa84ceba60c6,oui,2,1.00
pisc_fabfc0e40831,oui,2,1.00
pisc_faeb3253778f,non,2,1.00
pisc_fb1515e3d3f6,non,2,1.00
pisc_fbedb89d00ba,oui,2,1.00
pisc_fc4c90fa4408,non,2,1.00
pisc_fc76ff8db475,non,2,1.00
pisc_fd39afebf835,oui,2,1.00
pisc_fd6db666a5f1,non,2,1.00
pisc_fde93ceee70c,non,2,1.00
pisc_fe76c5441ce0,non,2,1.00
pisc_fe7d474de75e,non,2,1.00
pisc_fec7ef822bf8,non,2,1.00
pisc_ff185fa6afb9,oui,2,1.00
pisc_ff2a8edff16b,non,2,1.00
pisc_ff76616961c7,oui,2,1.00
